correndo,3
5.252878665924072,40.70621871948242,24.502260208129883,0.0,39.509117126464844,24.861391067504883,28.040889739990234,-11.535264015197754,-6.761225700378418,28.045679092407227,1.7286136150360107,-1.192312479019165,30.459033966064453,27.696125030517578,16.610971450805664,5.152322292327881
-1.3407529592514038,-30.219614028930664,-12.45463752746582,0.0,-26.159048080444336,21.116859436035156,13.848062515258789,-28.696901321411133,-13.82412052154541,-10.922348022460938,7.618350028991699,4.529829502105713,-38.46524429321289,-30.176517486572266,-1.7956513166427612,-16.797719955444336
2.9257144927978516,-1.2880805730819702,-1.1971008777618408,0.0,-8.14028549194336,4.932055473327637,12.224793434143066,-8.164227485656738,1.900996208190918,7.95832633972168,10.682928085327148,6.584054470062256,4.841075897216797,10.826580047607422,0.11971008777618408,-2.212242364883423
-0.8714128732681274,3.0350310802459717,2.056023120880127,-0.015979453921318054,0.6690064668655396,-2.538602590560913,2.5897369384765625,2.295714855194092,3.46860671043396,-0.32385027408599854,-8.111170768737793,0.6274598836898804,1.3838207721710205,-0.48151421546936035,1.4679791927337646,1.2527891397476196
-2.1604220867156982,0.11931325495243073,-6.429067134857178,0.01811004802584648,-0.3568744659423828,-0.7627525925636292,-4.002320766448975,1.4999381303787231,-2.0570883750915527,0.05539543926715851,5.496932029724121,0.9555713534355164,1.3273600339889526,1.0248156785964966,-2.3393921852111816,0.5251913666725159
1.0684927701950073,-5.716383457183838,4.7352447509765625,0.2844342887401581,8.913339614868164,6.04662561416626,7.025633335113525,-8.027012825012207,-5.259370803833008,-2.49066424369812,2.6792218685150146,-0.6317210793495178,-8.705606460571289,4.435896396636963,2.71437668800354,-7.131097793579102
