andando_passos_longos,3
0.16759411990642548,-1.1827356815338135,-1.9345149993896484,2.078166961669922,0.5650315880775452,-1.41257905960083,-4.884171485900879,1.2641384601593018,-1.900996208190918,-2.207453966140747,-0.5027823448181152,-1.2449848651885986,0.9864110946655273,-2.4229321479797363,-0.7326257228851318,-1.3934253454208374,-1.4652514457702637,-4.041412353515625,-0.8619126081466675
3.648763418197632,3.2369606494903564,9.610325813293457,4.32871675491333,6.675034523010254,6.095637321472168,2.542642116546631,5.559336185455322,2.030282974243164,6.665457725524902,1.2449848651885986,5.2672438621521,6.478709697723389,5.439626216888428,6.3302693367004395,1.7573440074920654,5.92325496673584,6.995857238769531,6.71334171295166
6.277596950531006,10.663774490356445,10.864887237548828,4.683058738708496,12.78503704071045,8.04930591583252,16.70673942565918,5.669469833374023,5.803544998168945,7.627926826477051,2.1068975925445557,10.788272857666016,9.797073364257812,6.890512466430664,7.565677165985107,7.230489253997803,7.513004779815674,13.79060173034668,4.975151062011719
-0.5656726956367493,-1.7971559762954712,-0.14488038420677185,-0.42931467294692993,0.31532788276672363,0.3771151006221771,0.1459456831216812,0.9342654347419739,0.23649592697620392,1.0120320320129395,0.5187996029853821,-0.3600703775882721,0.8692823052406311,0.5528891086578369,-0.20240642130374908,-0.872478187084198,-0.08309315890073776,-0.7680791020393372,0.20560230314731598
-0.2109287977218628,1.4743709564208984,0.49003657698631287,-0.3536785840988159,-0.49642837047576904,-0.29082605242729187,-1.4765015840530396,-0.9470489621162415,0.04474247246980667,1.396604299545288,0.9981832504272461,-0.05539543926715851,0.36113566160202026,0.6413087844848633,-0.44635942578315735,0.5358443856239319,-0.13209682703018188,0.580586850643158,-0.24821418523788452
-0.1054643988609314,-0.6764635443687439,-0.07350549101829529,0.07244019210338593,-0.10652969032526016,0.3217196762561798,0.26206305623054504,0.11185617744922638,-0.25034478306770325,0.13422740995883942,0.6349169611930847,0.04367717355489731,0.0053264847956597805,0.15553335845470428,0.10866028815507889,-0.4069434404373169,-0.18962284922599792,-0.8586293458938599,-0.05965662747621536
