andando,2
-0.5889736413955688,0.8762778043746948,-1.9632453918457031,-0.37828385829925537,-1.2114660739898682,-1.2880805730819702,-2.0590133666992188,-0.8331822156906128,0.7469909191131592,0.2106897532939911,-2.2649147510528564,-0.8427590131759644,-1.2689268589019775,-4.060565948486328,-0.7565677165985107
4.065354347229004,3.3710360527038574,2.408566951751709,4.247313976287842,4.290409564971924,1.436521053314209,2.2026655673980713,3.2082302570343018,2.188300371170044,3.4141316413879395,3.0885202884674072,-2.3558945655822754,2.628833532333374,-0.06703764945268631,4.170699596405029
9.864110946655273,6.909666061401367,11.238382339477539,8.14028549194336,8.346187591552734,9.77791976928711,8.465897560119629,8.303091049194336,14.00607967376709,8.29830265045166,7.848193168640137,12.425907135009766,15.509638786315918,9.830592155456543,6.512228488922119
0.4889712929725647,-0.09268083423376083,0.0,0.6711370944976807,-0.12357444316148758,-1.0269461870193481,-0.8106909394264221,0.8064298033714294,0.877804696559906,0.7318589687347412,-0.7989727258682251,3.144756555557251,1.5265705585479736,1.009901523590088,-0.8980453014373779
-0.69563889503479,0.5422361493110657,0.0,-0.6849859356880188,0.69563889503479,1.2272220849990845,-0.5411708354949951,0.7329242825508118,0.4186616837978363,0.22584295272827148,-0.7297284007072449,-0.18642696738243103,-1.6618632078170776,-0.6636800169944763,1.2698339223861694
0.25567126274108887,0.042611878365278244,0.0,-0.9097635746002197,-0.04793836176395416,0.07563608139753342,-0.09694202244281769,0.17151281237602234,-0.21732057631015778,0.05326484516263008,1.1622389554977417,-0.2759118974208832,0.0021305938716977835,0.7084224820137024,-0.13209682703018188
