correndo,3
33.49488067626953,0.0,-5.027823448181152,0.45489832758903503,11.611878395080566,16.745046615600586,18.34437370300293,2.2840683460235596,2.9305028915405273,7.096413612365723,19.302053451538086,19.349937438964844,-0.26336219906806946,18.033126831054688,29.419950485229492,21.98356056213379,10.146626472473145,7.891288757324219
-13.555970191955566,0.0,-18.310853958129883,3.045424461364746,-9.53849983215332,-22.84068489074707,-4.639962673187256,-0.047884032130241394,6.36378812789917,7.067683219909668,-22.42888069152832,2.75812029838562,1.259350061416626,6.038176536560059,-19.13446044921875,4.917690277099609,-10.433931350708008,-19.838356018066406
10.156203269958496,0.0,-4.371812343597412,5.166687488555908,1.2880805730819702,2.0829553604125977,1.2545616626739502,0.4213795065879822,6.224924564361572,18.30127716064453,1.9488801956176758,7.484274387359619,0.023942016065120697,-5.760449409484863,5.4444146156311035,7.1490864753723145,-0.5841852426528931,0.4836287498474121
-0.6136110424995422,-1.1302800178527832,2.3777427673339844,0.23649592697620392,0.7808626294136047,2.125267505645752,-2.8645834922790527,2.278670072555542,-1.6192513704299927,0.17151281237602234,-0.726532518863678,-6.487658500671387,-2.1156797409057617,-5.368031024932861,-1.192067265510559,-0.6189374923706055,1.291139841079712,4.235620498657227
0.8085603713989258,-0.28230369091033936,0.6445046663284302,-1.4306937456130981,1.0503827333450317,-0.6753982305526733,-0.18110047280788422,-0.5092119574546814,-0.16299043595790863,-3.1255812644958496,-1.6139248609542847,1.5713130235671997,6.257554054260254,1.4061919450759888,1.8578778505325317,-0.5848480463027954,-2.337261438369751,1.8227230310440063
-3.2065436840057373,-0.49323248863220215,-1.0631663799285889,-0.6572881937026978,-8.088799476623535,-7.925809383392334,4.548818111419678,-0.10333380103111267,-0.11292147636413574,0.9630284309387207,3.2171967029571533,8.195329666137695,-2.7921433448791504,8.066428184509277,-1.731107473373413,1.6309696435928345,3.6955151557922363,-7.759623050689697
