correndo,3
-17.85595703125,-0.9768342971801758,-14.446613311767578,-14.245500564575195,-0.9193734526634216,-13.982137680053711,-1.5610195398330688,-7.0341644287109375,-3.691859006881714,-12.291831970214844,-16.89827537536621,-9.821015357971191,-6.890512466430664,-2.2649147510528564,0.3447650372982025,-19.85750961303711,-7.177816867828369
-5.367800235748291,3.3279404640197754,0.9002198576927185,-2.6001031398773193,5.918466567993164,-0.8906430602073669,-3.4332852363586426,-0.3256114423274994,-1.766920804977417,-1.6855180263519287,2.0207061767578125,0.2968810200691223,-5.971138954162598,-4.261679172515869,4.213795185089111,-1.2641384601593018,4.529829502105713
5.961562156677246,4.4292731285095215,2.5522189140319824,-1.5705963373184204,0.3256114423274994,4.606443881988525,3.4955344200134277,3.7253777980804443,1.580173134803772,2.011129379272461,0.7709329724311829,2.542642116546631,-1.5610195398330688,0.7757213711738586,7.86734676361084,4.707000732421875,6.4834980964660645
-0.6466352343559265,-0.5156037211418152,0.030893610790371895,0.09055023640394211,-2.819840908050537,-0.9992485046386719,-0.09055023640394211,0.6285251975059509,0.5720644593238831,0.5092119574546814,1.35718834400177,-0.8351927995681763,1.6799732446670532,1.9271221160888672,0.274846613407135,-0.34941738843917847,-1.0109667778015137
0.31426259875297546,-2.915717601776123,-0.8160174489021301,0.30254432559013367,-0.3163931965827942,1.0621010065078735,0.6700717806816101,-0.6359822750091553,-0.29082605242729187,-0.12996622920036316,-0.26206305623054504,-0.4804489314556122,0.08096256852149963,0.0053264847956597805,0.18216577172279358,-0.2780424952507019,-1.556398868560791
-0.33556854724884033,1.7279115915298462,1.2794215679168701,1.2410709857940674,0.1693822145462036,0.21199409663677216,-0.29082605242729187,-0.5070813298225403,1.2719645500183105,0.02343653328716755,-0.2460835874080658,-0.47618773579597473,0.05326484516263008,0.28869548439979553,0.5326484441757202,-0.12037855386734009,1.1164312362670898
