andando,4
-0.272938996553421,1.6136919260025024,1.316810965538025,1.292868971824646,0.7565677165985107,-0.33518823981285095,-0.9145850539207458,2.935291290283203,0.06703764945268631,-0.6991068720817566,0.21547815203666687,0.6991068720817566,0.0,0.43095630407333374,0.14365209639072418,1.216254472732544,0.272938996553421,3.002328872680664,-1.2114660739898682,-0.08140286058187485,-0.5650315880775452
3.380612850189209,3.8738183975219727,0.7134721279144287,3.73016619682312,4.1180267333984375,0.38307225704193115,3.6966474056243896,1.4844050407409668,1.920149803161621,2.006340980529785,3.5865142345428467,2.513911724090576,0.0,1.886630892753601,1.9728221893310547,0.9624691009521484,2.7246015071868896,2.1930887699127197,2.0590133666992188,2.676717519760132,1.3694833517074585
7.891288757324219,7.728483200073242,10.02691650390625,7.8529815673828125,9.682151794433594,9.23682975769043,11.8225679397583,7.714118003845215,11.065999984741211,7.589619159698486,8.920795440673828,7.704541206359863,0.0,13.024456977844238,14.27423095703125,11.152191162109375,9.706093788146973,7.465120792388916,8.810662269592285,8.987833023071289,8.662221908569336
0.011718266643583775,0.17896988987922668,0.34089502692222595,-0.26206305623054504,-0.20560230314731598,0.7457078695297241,-0.252475380897522,0.5795215368270874,-0.021305939182639122,-0.08309315890073776,-0.0468730665743351,0.4133352041244507,0.0053264847956597805,0.05965662747621536,-0.03728539124131203,-0.022371236234903336,-0.010652969591319561,-0.7446425557136536,0.18536166846752167,-0.19494934380054474,0.47299185395240784
-0.06285251677036285,0.1289009302854538,0.34728679060935974,-0.20879819989204407,0.33556854724884033,0.1693822145462036,0.5933703780174255,0.01491415686905384,-0.12783563137054443,0.20027582347393036,0.15020686388015747,0.23010413348674774,-0.5347790718078613,0.13635800778865814,0.398421049118042,-0.09800732135772705,-0.0021305938716977835,0.019175345078110695,0.05219954997301102,-0.045807767659425735,0.4303799569606781
0.5028201341629028,-0.2982831299304962,0.14488038420677185,0.398421049118042,0.12996622920036316,0.24395300447940826,-0.7702096700668335,0.5528891086578369,0.35580918192863464,-0.32917675375938416,0.25886714458465576,-0.26419365406036377,-0.1693822145462036,-0.022371236234903336,-0.1491415649652481,0.1906881481409073,0.18110047280788422,-0.5124078392982483,0.15553335845470428,-0.656222939491272,0.42931467294692993
