andando,3
-0.24420857429504395,0.6416460275650024,0.8954314589500427,0.4118026793003082,-1.2880805730819702,0.6751648783683777,-0.5602431893348694,-0.828393816947937,0.4884171485900879,-0.5219359993934631,0.9528923034667969,0.9050082564353943,1.0055646896362305,1.3886369466781616,1.5322890281677246,0.5506663918495178,0.3687070608139038,0.33518823981285095,-0.5889736413955688,0.9959878921508789
2.6240451335906982,2.097320795059204,2.6575639247894287,1.920149803161621,2.0207061767578125,3.160346269607544,0.9768342971801758,1.8483237028121948,2.7006595134735107,2.2601263523101807,1.7908629179000854,2.4181437492370605,2.38462495803833,2.6144683361053467,2.762908697128296,1.8339585065841675,2.31758713722229,3.648763418197632,1.335964560508728,2.63362193107605
8.671798706054688,9.481039047241211,11.252747535705566,6.737283706665039,6.8809356689453125,9.14585018157959,10.740388870239258,9.289502143859863,7.206547260284424,9.188945770263672,7.805097579956055,10.912771224975586,9.002198219299316,10.251971244812012,7.977479934692383,9.897629737854004,11.190498352050781,8.738836288452148,9.667786598205566,8.911218643188477
0.05965662747621536,-0.09800732135772705,0.4186616837978363,-0.21518997848033905,0.11185617744922638,-0.287630170583725,0.07457078248262405,0.23543062806129456,-0.37072333693504333,0.10013791173696518,-0.13529270887374878,-0.7893850207328796,0.14807628095149994,-0.24075710773468018,0.3217196762561798,0.345156192779541,0.0,0.008522375486791134,-0.025567125529050827,-0.4559471011161804
-0.05326484516263008,0.039415985345840454,0.2311694324016571,-0.3249155580997467,-0.2141246795654297,0.00745707843452692,0.12463974207639694,-0.1139867752790451,0.03302420675754547,0.11611736565828323,-0.11505206674337387,-0.28017309308052063,0.18003518879413605,0.12463974207639694,0.23330003023147583,0.2982831299304962,0.0,0.2428877055644989,0.20986349880695343,-0.11079087853431702
0.3653968572616577,-0.3217196762561798,-0.06498311460018158,-0.14807628095149994,0.30574020743370056,-0.12357444316148758,0.33237263560295105,-0.082027867436409,0.17683929204940796,0.3803110122680664,0.0,-0.26206305623054504,0.16831691563129425,-0.322784960269928,-0.5038854479789734,-0.04154657945036888,0.0,-0.04154657945036888,0.1693822145462036,-0.10333380103111267
