andando,4
-0.2825157940387726,-1.1013327836990356,-0.090979665517807,-0.004788403399288654,-0.7230489253997803,-0.8954314589500427,0.9528923034667969,-0.08619125932455063,-0.15801730751991272,0.12449848651885986,-1.6855180263519287,-2.4660277366638184,-0.8044517636299133,-1.6136919260025024,-0.545877993106842,0.6751648783683777,1.8387469053268433,-2.2361843585968018,-1.1779472827911377,1.5466543436050415,-0.727837324142456
4.261679172515869,2.494758129119873,3.6343982219696045,3.892971992492676,3.2321722507476807,3.2561142444610596,2.801215887069702,3.6535518169403076,3.8546648025512695,4.989516258239746,3.533841609954834,2.4133553504943848,3.0550012588500977,4.376600742340088,2.5234885215759277,3.950432777404785,3.1316158771514893,1.7286136150360107,2.279279947280884,3.141192674636841,3.936067581176758
9.921571731567383,10.371682167053223,8.312667846679688,8.757989883422852,9.026140213012695,9.830592155456543,11.765107154846191,8.7484130859375,8.29830265045166,10.472238540649414,6.009446144104004,11.176133155822754,6.521805286407471,9.188945770263672,7.326257228851318,8.911218643188477,8.80587387084961,12.464214324951172,9.44752025604248,8.796297073364258,8.877699851989746
0.00745707843452692,0.6445046663284302,0.012783562764525414,-0.12357444316148758,0.2077329009771347,0.10120321065187454,0.3078708052635193,-0.19388404488563538,0.5124078392982483,0.12783563137054443,-0.2343653291463852,0.0,-1.6927567720413208,0.566737949848175,-0.21732057631015778,-0.09481142461299896,-0.5688685774803162,0.7819279432296753,0.10866028815507889,-0.1874922662973404,-0.02663242258131504
0.045807767659425735,0.3771151006221771,-0.02024064213037491,0.0468730665743351,0.2663242220878601,-0.17470869421958923,-0.0703095942735672,0.13848860561847687,-0.37072333693504333,0.05646073818206787,-0.3068055212497711,0.0,0.20027582347393036,-0.41440051794052124,0.40481284260749817,0.34728679060935974,-0.06498311460018158,-0.4484900236129761,0.41653111577033997,-0.008522375486791134,-0.10226850211620331
-0.1438150852918625,0.385637491941452,-0.620002806186676,0.41759639978408813,0.03302420675754547,0.2578018605709076,-0.2311694324016571,-0.40907400846481323,-0.45807766914367676,-0.4016169309616089,-0.17044751346111298,0.0,-0.24927948415279388,-0.9555713534355164,-0.5614114999771118,0.02982831373810768,-0.6327863931655884,-0.2077329009771347,0.4037475287914276,-0.350482702255249,0.11505206674337387
