correndo,3
1.8531121015548706,-11.674127578735352,-3.3662476539611816,-7.5417351722717285,-12.919112205505371,-10.007762908935547,-0.26336219906806946,-5.4013190269470215,-9.514557838439941,-2.652775526046753,-20.456058502197266,-11.683704376220703,-15.844826698303223,-12.823344230651855,-1.1013327836990356,-18.47844886779785,-20.451271057128906,-7.5848307609558105
5.693411827087402,0.40701428055763245,-3.5625722408294678,2.188300371170044,0.9193734526634216,-1.072602391242981,-3.6296098232269287,2.22660756111145,-2.2840683460235596,3.045424461364746,0.17238251864910126,-0.9528923034667969,3.5051112174987793,-6.2632317543029785,4.448426723480225,-0.5793967843055725,-0.26336219906806946,4.2090067863464355
4.908113479614258,3.1459810733795166,0.9528923034667969,2.561795711517334,1.4891934394836426,-2.164358377456665,-0.6224924325942993,2.7964274883270264,-2.786850690841675,-6.675034523010254,3.5960910320281982,1.9153614044189453,6.507440090179443,5.0469770431518555,4.434061527252197,-2.75812029838562,6.143521785736084,5.152322292327881
0.0,0.6274598836898804,-0.7499690651893616,2.056023120880127,-0.8873923420906067,0.39415985345840454,-2.6440670490264893,0.9278736114501953,0.5859133005142212,-1.986778736114502,1.0983211994171143,-0.6263945698738098,0.4474247097969055,0.12677033245563507,-0.7936462163925171,-1.5638558864593506,-0.22584295272827148,0.01811004802584648
0.0,-0.030893610790371895,-0.2077329009771347,0.3483521044254303,0.06604841351509094,-0.1523374617099762,-0.07350549101829529,-0.667941153049469,0.12783563137054443,-0.3014790415763855,0.10226850211620331,-0.27058541774749756,-3.5186758041381836,0.38244161009788513,-1.6394920349121094,-0.12996622920036316,-0.6327863931655884,-4.347476959228516
0.0,-0.4357064366340637,-0.02024064213037491,0.5358443856239319,-0.7350549101829529,0.13529270887374878,-0.14274978637695312,0.8458457589149475,-0.1406191885471344,1.2240262031555176,0.15020686388015747,0.1139867752790451,1.3476005792617798,0.8064298033714294,-0.15766394138336182,-0.20027582347393036,1.4147143363952637,0.14488038420677185
