correndo,3
1.8148049116134644,41.587284088134766,6.603208065032959,3.6343982219696045,25.048137664794922,39.585731506347656,21.729774475097656,-11.152191162109375,15.854403495788574,18.454505920410156,0.0,14.681244850158691,37.88584899902344,13.421895027160645,5.353435039520264,-1.091755986213684
9.332598686218262,-31.057584762573242,-22.926876068115234,-2.8778305053710938,24.463953018188477,-23.51584815979004,19.828779220581055,-25.124752044677734,-6.919242858886719,-1.8100165128707886,0.0,-13.24472427368164,-11.745953559875488,-16.323667526245117,-14.226346969604492,4.726154327392578
20.216638565063477,-3.2992098331451416,-4.2760443687438965,3.002328872680664,1.5705963373184204,3.754108190536499,1.015141487121582,-5.085284233093262,-2.0829553604125977,-0.646434485912323,0.0,-0.8858546018600464,4.343081951141357,5.195417881011963,-4.994304656982422,6.675034523010254
-5.444732666015625,2.7495315074920654,1.2815521955490112,-0.3131972849369049,-2.242449998855591,-1.6288390159606934,-3.2161314487457275,4.581841945648193,-1.501003384590149,-0.667941153049469,-1.79502534866333,-0.6136110424995422,-0.16512101888656616,1.0610357522964478,2.4672276973724365,-2.0006277561187744
1.9953011274337769,0.7116183638572693,-1.447738528251648,-2.900803565979004,-2.3074331283569336,-2.5801491737365723,2.3287391662597656,0.8650211095809937,2.495990753173828,-1.2890093326568604,-1.5734435319900513,-4.924867630004883,1.4743709564208984,-0.33769911527633667,3.9437291622161865,1.2091120481491089
0.47299185395240784,-6.649583339691162,0.9598325490951538,0.9715508222579956,6.256488800048828,5.602396488189697,6.899928092956543,-6.827487945556641,4.6180620193481445,0.5699338316917419,-0.1139867752790451,2.8187756538391113,-2.7026584148406982,-7.9066338539123535,-6.310819149017334,-0.6647452712059021
