correndo,3
1.1109095811843872,1.0773907899856567,-54.25740051269531,2.896984100341797,-27.801469802856445,-14.681244850158691,-20.863073348999023,-7.982268333435059,-22.400150299072266,-6.157886981964111,-53.567867279052734,-8.418013572692871,0.8571242094039917,0.15322890877723694,0.0,-22.213403701782227,-22.24692153930664,-0.3208230137825012
12.904747009277344,6.205770969390869,-12.210428237915039,-28.462270736694336,-18.186355590820312,-15.16008472442627,0.12928688526153564,-3.60566782951355,8.470685958862305,-4.5394062995910645,17.525556564331055,-20.738574981689453,9.184157371520996,6.411672115325928,0.0,23.20460319519043,3.4141316413879395,16.40985870361328
13.991714477539062,5.904101371765137,20.89659309387207,-2.2649147510528564,6.98628044128418,-9.141061782836914,9.945513725280762,3.184288263320923,12.114660263061523,-1.7717092037200928,23.166296005249023,1.9776105880737305,7.484274387359619,3.0358476638793945,0.0,19.833566665649414,14.79616641998291,14.451401710510254
-4.541360855102539,-0.4101393222808838,-2.5833451747894287,7.449621677398682,2.4714889526367188,2.522623062133789,3.4995005130767822,0.7925809025764465,-3.543177604675293,0.9875302314758301,0.2311694324016571,7.677595138549805,-2.7750985622406006,1.3252294063568115,-0.11292147636413574,-0.10652969032526016,-8.93358039855957,-5.070813179016113
1.1483900547027588,0.48151421546936035,1.963342308998108,-0.5390402674674988,-4.458267688751221,0.7925809025764465,-1.186740756034851,-4.462528705596924,-0.021305939182639122,4.898235321044922,-2.0730679035186768,-3.9011173248291016,-2.819840908050537,-1.595814824104309,-0.5678032636642456,-1.6235125064849854,1.1878061294555664,1.999562382698059
-4.071564674377441,-0.34409090876579285,-4.885451793670654,2.0208683013916016,2.373481512069702,0.48471009731292725,2.4778807163238525,3.4654109477996826,-4.704351425170898,-2.798535108566284,1.8632043600082397,3.8904643058776855,1.8866409063339233,0.5262566804885864,-0.6061539649963379,3.2683310508728027,-5.566176414489746,-3.373795509338379
