andando,3
-2.389413356781006,-0.5937620401382446,-1.1635819673538208,-0.9289502501487732,0.004788403399288654,-0.689530074596405,0.545877993106842,-0.3256114423274994,-3.0789434909820557,-0.24899697303771973,-0.45010992884635925,0.20111294090747833,-0.08140286058187485,-0.7086837291717529,-0.3687070608139038,-0.4596867263317108,-1.216254472732544,-0.28730419278144836,-1.9488801956176758
1.9728221893310547,2.212242364883423,1.216254472732544,0.6177040338516235,1.7525556087493896,2.22660756111145,1.115697979927063,0.009576806798577309,2.75812029838562,0.5315127968788147,2.145204782485962,2.1978771686553955,1.920149803161621,2.499546527862549,2.786850690841675,1.3311761617660522,0.9002198576927185,0.9959878921508789,2.2457611560821533
11.12346076965332,9.169792175292969,9.208099365234375,8.398859977722168,10.764330863952637,11.525687217712402,9.768342971801758,12.076353073120117,9.351752281188965,12.196063041687012,9.959878921508789,7.819462776184082,11.779472351074219,8.734047889709473,10.27591323852539,8.068459510803223,9.710882186889648,9.41400146484375,10.170568466186523
1.0450563430786133,0.10652969032526016,0.045807767659425735,-0.10866028815507889,-0.433575838804245,0.5230607986450195,0.13103152811527252,0.345156192779541,-0.31745848059654236,0.04367717355489731,0.08096256852149963,-0.4218575954437256,0.3185237944126129,-0.18642696738243103,0.4506205916404724,-0.4825794994831085,0.1757739931344986,0.12357444316148758,0.192818745970726
-0.32598087191581726,-0.03302420675754547,0.12357444316148758,0.2546059787273407,0.00745707843452692,0.7947115302085876,0.1960146427154541,0.274846613407135,-0.5038854479789734,0.385637491941452,0.13848860561847687,0.37604981660842896,0.3387644290924072,0.18642696738243103,0.024501830339431763,-0.02663242258131504,0.49323248863220215,0.12357444316148758,-0.3568744659423828
0.08735434710979462,0.45807766914367676,0.082027867436409,0.5241261124610901,-0.3462215065956116,-0.07350549101829529,-0.22903883457183838,-0.07670138031244278,-0.3600703775882721,0.2514100670814514,-0.33237263560295105,-0.3249155580997467,-0.05539543926715851,0.41759639978408813,-0.32385027408599854,0.034089501947164536,0.6285251975059509,-0.1960146427154541,-0.09161553531885147
