andando_passos_longos,3
-1.2497732639312744,-1.0534487962722778,0.8236053586006165,-1.4413094520568848,-0.5219359993934631,-0.7182605266571045,0.5985504388809204,-0.9002198576927185,-1.1300631761550903,0.8475474119186401,-1.7717092037200928,-1.0869675874710083,-0.10055647045373917,-0.5650315880775452,-1.1348515748977661,2.0925323963165283
1.192312479019165,6.473921298980713,2.7485435009002686,3.998316764831543,1.1779472827911377,0.5171475410461426,2.5761611461639404,5.726930618286133,5.726930618286133,5.453991413116455,4.965574264526367,1.4413094520568848,1.7525556087493896,2.7246015071868896,2.9975404739379883,1.1971008777618408
4.606443881988525,8.987833023071289,5.219359874725342,9.083600997924805,9.279925346374512,11.956643104553223,9.93593692779541,10.960655212402344,5.506663799285889,12.196063041687012,7.857769966125488,6.995857238769531,15.155296325683594,6.694188117980957,11.042057991027832,6.100425720214844
0.5635420680046082,-0.22690825164318085,0.5923051238059998,-0.13635800778865814,-0.24395300447940826,-0.4367717504501343,-0.08096256852149963,-0.20986349880695343,-0.09161553531885147,-0.8202786445617676,0.40481284260749817,0.6114804148674011,-0.04154657945036888,0.19175344705581665,0.06817900389432907,0.1491415649652481
0.29402196407318115,0.49962425231933594,-0.025567125529050827,-0.4005516469478607,0.12037855386734009,-0.7275978326797485,-0.6327863931655884,-0.02663242258131504,-0.23543062806129456,-0.20453700423240662,0.3078708052635193,0.08628904819488525,0.18536166846752167,-0.19175344705581665,-0.39948636293411255,-0.2609977424144745
0.49962425231933594,0.47299185395240784,0.6423740386962891,-0.6413087844848633,-0.07776667922735214,0.07244019210338593,0.4282493591308594,-0.06178722158074379,-0.6764635443687439,-0.17151281237602234,-0.3803110122680664,0.26419365406036377,0.37072333693504333,0.2716507315635681,-0.25034478306770325,-0.5028201341629028
