correndo,4
-0.033518824726343155,0.9385270476341248,3.375824451446533,-1.1252747774124146,1.7764976024627686,0.727837324142456,-6.9910688400268555,1.4844050407409668,8.33182144165039,-6.129156112670898,0.3447650372982025,5.363011837005615,5.185841083526611,1.0199298858642578,3.97916316986084,2.1164743900299072,1.8914192914962769,1.0103530883789062,-0.7134721279144287,-1.1444283723831177,-3.6104562282562256
1.4077905416488647,7.2352776527404785,6.871358871459961,5.2672438621521,-0.13407529890537262,4.448426723480225,2.4660277366638184,2.456450939178467,0.14844051003456116,6.45476770401001,2.6144683361053467,-0.009576806798577309,5.7556610107421875,8.939949035644531,-1.2689268589019775,4.357447147369385,-1.2258312702178955,1.8291701078414917,3.955221176147461,2.3080103397369385,3.3470940589904785
8.341399192810059,14.79616641998291,12.828132629394531,16.8408145904541,2.896984100341797,8.99740982055664,-0.31124621629714966,3.2609026432037354,16.970102310180664,13.469779014587402,13.340492248535156,0.871489405632019,11.190498352050781,0.35434186458587646,4.932055473327637,11.731588363647461,1.9776105880737305,21.466411590576172,8.882488250732422,10.577583312988281,8.643068313598633
-0.3867027759552002,1.6501449346542358,-1.8600084781646729,0.9097635746002197,-0.26845481991767883,0.2226470559835434,1.0375992059707642,-0.11292147636413574,-0.09694202244281769,-0.03728539124131203,0.8905882239341736,1.492480993270874,-2.1050267219543457,-2.214752435684204,-1.5041992664337158,-0.8426498770713806,-1.2900745868682861,3.219327449798584,-0.7872544527053833,0.11824796348810196,0.7020306587219238
-2.4097015857696533,-0.11079087853431702,-1.2847480773925781,-1.0471868515014648,0.9097635746002197,-0.4325105547904968,0.5156037211418152,-0.7584913969039917,1.9537545442581177,-0.30893611907958984,-3.212935447692871,-1.6117942333221436,-1.4988727569580078,-1.049317479133606,0.4239881932735443,-1.492480993270874,-0.1491415649652481,1.186740756034851,0.8746087551116943,-0.39096397161483765,-1.6054024696350098
-0.2780424952507019,0.7052266001701355,-2.1977076530456543,-0.8895229697227478,-1.9175344705581665,-0.29082605242729187,-0.3568744659423828,-0.6061539649963379,0.6349169611930847,1.5191134214401245,-1.1910020112991333,0.006391781382262707,-0.04474247246980667,0.9598325490951538,0.5848480463027954,0.6530269980430603,1.1835448741912842,1.5414847135543823,-0.398421049118042,-0.4719265401363373,-0.743577241897583
