andando_passos_longos,3
2.7054479122161865,-0.5985504388809204,1.335964560508728,-0.2059013396501541,-0.06224924325942993,1.6328455209732056,0.8044517636299133,0.7469909191131592,1.1779472827911377,-0.9576807022094727,0.20111294090747833,0.06703764945268631,1.0103530883789062,1.4269442558288574,2.9735984802246094,0.8667010068893433,1.2449848651885986
2.432508945465088,-0.19153612852096558,4.711789131164551,5.861005783081055,2.5474305152893066,3.514688014984131,3.7397429943084717,5.803544998168945,1.7190368175506592,5.027823448181152,3.141192674636841,4.6255974769592285,3.0358476638793945,4.141968727111816,3.4524388313293457,-1.0103530883789062,3.758896589279175
9.758766174316406,13.273454666137695,7.661445617675781,9.897629737854004,6.311115741729736,10.08437728881836,5.363011837005615,12.12902545928955,5.559336185455322,8.705317497253418,6.967126846313477,7.704541206359863,6.296750545501709,7.01979923248291,14.623784065246582,20.441694259643555,5.0900726318359375
0.3334379494190216,-1.7374993562698364,0.3046749234199524,0.9449183940887451,0.06498311460018158,-0.5571503043174744,0.5816521048545837,0.30254432559013367,-0.2844342887401581,-0.15766394138336182,-0.5347790718078613,-0.39096397161483765,0.3419603109359741,0.29721784591674805,0.9630284309387207,-0.942787766456604,0.7883197069168091
0.021305939182639122,0.10972558706998825,0.20453700423240662,-0.45275118947029114,-0.25886714458465576,-0.5965662598609924,0.4942977726459503,0.47831833362579346,0.08309315890073776,0.07137489318847656,-0.4602082669734955,0.8650211095809937,0.0351547971367836,0.5113425254821777,-0.5891091823577881,-2.442725896835327,0.17790459096431732
0.006391781382262707,-1.0322726964950562,0.1406191885471344,0.6178722381591797,0.08096256852149963,0.12463974207639694,0.2599324584007263,-0.4836448132991791,-0.05965662747621536,0.5369096398353577,-0.5241261124610901,0.3217196762561798,0.34728679060935974,0.47299185395240784,0.5656726956367493,-0.054330144077539444,0.3195890784263611
