correndo,3
-3.5003228187561035,-14.88714599609375,-7.091625213623047,-13.785813331604004,0.0,-21.222204208374023,-8.671798706054688,-10.668562889099121,-1.900996208190918,11.243170738220215,-4.10366153717041,-16.869544982910156,-14.010868072509766,-1.3024457693099976,-0.9289502501487732,-1.4987702369689941,-13.120224952697754,-19.038692474365234,-13.412318229675293
-2.0590133666992188,-0.12928688526153564,1.4652514457702637,1.1204863786697388,0.0,-1.158793568611145,-1.6519991159439087,2.5905263423919678,6.315904140472412,-12.516886711120605,0.49799394607543945,1.2306196689605713,-0.9911994934082031,3.2178070545196533,2.360682964324951,2.9448680877685547,1.9297266006469727,1.1827356815338135,4.577713489532471
-2.3319525718688965,5.789179801940918,2.078166961669922,2.9017724990844727,0.0,3.3039982318878174,3.7253777980804443,4.505887508392334,7.326257228851318,-6.0621185302734375,1.5610195398330688,8.667010307312012,2.1739351749420166,4.869806289672852,4.927267074584961,5.257667064666748,1.9536685943603516,4.994304656982422,2.5905263423919678
1.6725162267684937,-0.23649592697620392,-0.39096397161483765,0.385637491941452,0.10866028815507889,0.012783562764525414,0.08628904819488525,-0.13955390453338623,0.20986349880695343,1.259181022644043,0.38244161009788513,-1.604337215423584,-0.7616873383522034,-0.7520996332168579,-1.9761258363723755,-0.8810005784034729,-3.432386636734009,2.0730679035186768,-0.5251913666725159
-0.09268083423376083,2.5141007900238037,-0.527321994304657,-0.287630170583725,0.32917675375938416,-0.08522375673055649,0.3696580231189728,-2.177466869354248,-0.060721926391124725,-0.4282493591308594,3.6347930431365967,1.1153658628463745,0.17470869421958923,-2.9029340744018555,-0.36752745509147644,-0.009587672539055347,0.03302420675754547,0.15340276062488556,0.4357064366340637
0.13209682703018188,-1.3507964611053467,0.1906881481409073,0.31106671690940857,1.2368097305297852,0.5560849905014038,0.23330003023147583,2.5109047889709473,0.18323107063770294,1.4253673553466797,-0.34728679060935974,-1.5446805953979492,0.44316351413726807,1.986778736114502,0.4037475287914276,0.650896430015564,0.5784562230110168,-0.6583535075187683,-0.8011032938957214
