correndo,2
-7.8960771560668945,16.658855438232422,-0.49799394607543945,22.031444549560547,-5.386953830718994,12.066776275634766,16.079458236694336,0.8092401623725891,18.057069778442383,45.63348388671875,4.180276393890381,36.5594596862793,13.508086204528809
-12.071564674377441,13.21599292755127,5.157110691070557,-23.989900588989258,-20.40338706970215,-10.826580047607422,-0.9768342971801758,2.279279947280884,-0.5410895943641663,-21.950040817260742,-0.12928688526153564,-9.706093788146973,10.769119262695312
-13.819332122802734,5.995080947875977,10.975020408630371,6.311115741729736,-10.563218116760254,-5.099649429321289,16.563087463378906,4.577713489532471,6.244078159332275,9.983820915222168,7.043741226196289,11.257535934448242,19.06742286682129
-2.3074331283569336,0.9193512797355652,-1.051448106765747,2.342587947845459,-2.7814903259277344,-5.836761951446533,0.2609977424144745,1.5745089054107666,-2.438464641571045,-2.6099774837493896,0.4602082669734955,2.581214427947998,3.552765369415283
2.1114184856414795,1.3284252882003784,0.2599324584007263,0.030893610790371895,0.23010413348674774,-0.05006895586848259,-2.0166070461273193,-6.2128119468688965,5.5746989250183105,-0.3483521044254303,0.5880439281463623,1.458391547203064,0.8788699507713318
3.166062593460083,-4.677718639373779,0.35580918192863464,-3.2438292503356934,5.4149041175842285,3.1511483192443848,-2.0102152824401855,0.5092119574546814,-0.6370475888252258,3.462214946746826,0.322784960269928,-4.465724945068359,-5.842088222503662
