andando,2
-0.363918662071228,0.7038952708244324,-0.40701428055763245,0.4405331015586853,-1.800439715385437,2.2218191623687744,-0.45010992884635925,0.08140286058187485,-0.6320692300796509,-0.7757213711738586
3.773261785507202,1.9632453918457031,3.3423056602478027,3.7158010005950928,3.773261785507202,3.399766445159912,1.3982137441635132,4.2951979637146,3.576937437057495,1.6711528301239014
8.14028549194336,6.62236213684082,9.53849983215332,8.69095230102539,8.877699851989746,8.365341186523438,10.098742485046387,9.533711433410645,9.75397777557373,9.346963882446289
0.0053264847956597805,-0.15340276062488556,0.3302420377731323,-0.09694202244281769,-0.4005516469478607,-0.14168448746204376,-0.04474247246980667,-0.2631283402442932,0.04367717355489731,0.7084224820137024
-0.36752745509147644,-0.2428877055644989,-0.7925809025764465,-0.07137489318847656,-0.10439909994602203,-0.03728539124131203,0.03195890784263611,-0.29721784591674805,-0.06178722158074379,0.2396918088197708
0.40268224477767944,-0.2279735505580902,-0.5038854479789734,-0.17044751346111298,0.23862650990486145,-0.6626147031784058,0.4154658019542694,-0.18003518879413605,-0.24075710773468018,0.18216577172279358
