andando_passos_longos,3
-0.3878606855869293,0.07661445438861847,-1.479616641998291,-0.9433154463768005,0.6033388376235962,-0.17717093229293823,3.5003228187561035,0.3064578175544739,0.7326257228851318,-0.6129156351089478,0.019153613597154617,0.35434186458587646,0.4692635238170624,-1.5705963373184204,0.0,-1.5945383310317993,-0.181959331035614,-0.8236053586006165,1.403002142906189
2.734178304672241,3.845088005065918,1.1204863786697388,3.6535518169403076,5.702988624572754,4.079719543457031,1.3503297567367554,2.5234885215759277,2.9017724990844727,-0.12449848651885986,4.491522312164307,-1.0821791887283325,4.079719543457031,2.829946517944336,0.0,0.646434485912323,1.0678139925003052,-0.2825157940387726,1.8483237028121948
9.011775016784668,8.5903959274292,8.221688270568848,11.726799964904785,10.951078414916992,7.934384346008301,9.308655738830566,7.311892032623291,10.869675636291504,7.0341644287109375,8.858546257019043,11.08994197845459,9.308655738830566,6.866570472717285,0.0,8.250418663024902,11.999738693237305,16.8839111328125,4.975151062011719
0.19707992672920227,-0.18216577172279358,0.20134112238883972,0.22158175706863403,0.25354066491127014,0.14168448746204376,0.504950761795044,-0.18962284922599792,-0.5528891086578369,0.30893611907958984,-0.274846613407135,-1.1494554281234741,-0.2833689749240875,0.2950872480869293,-0.819213330745697,-0.034089501947164536,-0.7244018912315369,0.20560230314731598,0.6114804148674011
-0.04154657945036888,0.23223473131656647,-0.039415985345840454,-0.8309316039085388,-0.6572881937026978,0.1438150852918625,0.3685927391052246,0.06498311460018158,-0.2279735505580902,0.009587672539055347,0.21199409663677216,-0.015979453921318054,-0.3696580231189728,0.08735434710979462,-0.34089502692222595,-0.20986349880695343,-0.9992485046386719,0.07883197069168091,0.6349169611930847
-0.8596946001052856,-0.05646073818206787,0.32917675375938416,-0.9843343496322632,0.18536166846752167,-0.5358443856239319,0.5134730935096741,0.6061539649963379,0.544366717338562,0.363266259431839,-0.15553335845470428,-0.2897607684135437,0.4282493591308594,0.2343653291463852,-0.5187996029853821,0.18536166846752167,-0.7222713232040405,-0.10333380103111267,-0.17151281237602234
