andando_passos_longos,4
23.324312210083008,23.290794372558594,36.22426986694336,-2.0638017654418945,6.852205276489258,27.183765411376953,-1.1683704853057861,22.37141990661621,-2.7437551021575928,19.80962562561035,18.521543502807617,20.446481704711914,32.47016525268555,-1.4317326545715332,0.0,2.940079689025879,18.464082717895508,18.65083122253418,1.8579005002975464,31.876401901245117,4.405331134796143
-24.382549285888672,0.181959331035614,10.381258964538574,-21.188684463500977,-23.017854690551758,-18.689138412475586,3.8163576126098633,9.715670585632324,5.114014625549316,-5.726930618286133,-18.698715209960938,-19.029115676879883,-20.53746223449707,-16.845603942871094,0.0,-2.207453966140747,15.667655944824219,-4.639962673187256,6.196194171905518,0.5889736413955688,-0.9624691009521484
2.4181437492370605,5.109226226806641,3.840299606323242,-5.4252610206604,-6.129156112670898,9.773131370544434,8.796297073364258,19.278112411499023,4.778826713562012,6.157886981964111,1.2210428714752197,0.5650315880775452,-1.556231141090393,2.8347349166870117,0.0,-4.525041103363037,0.3208230137825012,2.4851813316345215,7.4986395835876465,2.9544448852539062,4.994304656982422
2.3457839488983154,-4.843904972076416,1.8898367881774902,1.349731206893921,0.5763256549835205,2.205164670944214,-1.351861834526062,-0.15127216279506683,0.24182240664958954,-2.1263327598571777,2.3713510036468506,6.882883548736572,0.14701098203659058,3.978883981704712,-0.42079228162765503,2.699462413787842,-0.7947115302085876,-0.521995484828949,-5.018613815307617,-1.035468578338623,0.04474247246980667
-1.088733434677124,0.49962425231933594,-1.7066056728363037,-1.0535786151885986,0.49323248863220215,-2.5513861179351807,0.26845481991767883,1.3667759895324707,0.0585913322865963,0.2982831299304962,5.300917625427246,-1.803547739982605,-0.06817900389432907,-0.5965662598609924,-1.2325485944747925,2.18918514251709,-0.1438150852918625,-5.232738494873047,-1.5947495698928833,0.6615493893623352,-3.5719406604766846
-7.081028938293457,8.6736478805542,3.521871566772461,-4.5679931640625,-0.2311694324016571,-4.197269916534424,-1.2922052145004272,5.061225891113281,-1.501003384590149,5.998687267303467,-9.340523719787598,-7.650962829589844,7.0671796798706055,-6.062604904174805,-2.2541682720184326,-2.10396146774292,4.993046760559082,2.655785322189331,0.19388404488563538,1.1824796199798584,1.0365339517593384
