andando,3
-1.7621324062347412,0.0,-1.7286136150360107,-0.33039984107017517,-1.1444283723831177,1.8531121015548706,0.5267243981361389,-1.8579005002975464,-3.1459810733795166,-2.6623523235321045,-1.0869675874710083,-2.786850690841675,-2.31758713722229,-0.9959878921508789,-1.139639973640442,-1.2497732639312744,-1.4844050407409668
1.6328455209732056,0.0,5.367800235748291,5.535394191741943,2.4851813316345215,2.7676970958709717,3.4380736351013184,4.745307922363281,0.35434186458587646,0.6177040338516235,5.286397457122803,4.884171485900879,1.5466543436050415,4.2760443687438965,2.849100112915039,2.078166961669922,2.978386878967285
8.015787124633789,0.0,7.594407558441162,8.614337921142578,10.371682167053223,8.96389102935791,6.8378400802612305,10.232817649841309,12.459425926208496,8.700529098510742,7.632715225219727,8.437167167663574,9.131484985351562,10.405200958251953,8.810662269592285,10.764330863952637,9.14585018157959
-0.700965404510498,-0.37072333693504333,-0.13422740995883942,0.3302420377731323,0.08522375673055649,-0.20347172021865845,0.37604981660842896,0.5955010056495667,-1.1824796199798584,2.5428638458251953,-0.25354066491127014,-0.027697719633579254,-0.3462215065956116,-0.15127216279506683,2.241384744644165,-0.8288010358810425,0.501754879951477
-1.5617252588272095,-0.3867027759552002,0.7723402976989746,-0.05219954997301102,-0.20347172021865845,-1.3667759895324707,0.5422361493110657,-0.03195890784263611,0.5305178761482239,-0.039415985345840454,0.6349169611930847,1.1409330368041992,-0.3014790415763855,0.252475380897522,0.07244019210338593,0.06924430280923843,-0.4282493591308594
-0.11079087853431702,0.18003518879413605,0.5816521048545837,0.3920292854309082,0.5635420680046082,-1.3731677532196045,0.30893611907958984,-0.6583535075187683,-0.042611878365278244,0.4122699201107025,-0.6008274555206299,0.3536785840988159,0.12144385278224945,-0.5379749536514282,0.6445046663284302,-1.303923487663269,-0.27910780906677246
