andando,2
2.3750481605529785,1.8052281141281128,1.2641384601593018,2.4229321479797363,-0.272938996553421,-0.871489405632019,1.0247182846069336,-1.2976573705673218,-0.21547815203666687,-2.183511972427368
1.9393033981323242,1.2449848651885986,2.63362193107605,2.3319525718688965,-0.7134721279144287,0.5027823448181152,2.4660277366638184,2.63362193107605,1.9249382019042969,-0.9816226959228516
6.430825710296631,7.891288757324219,10.60152530670166,5.4444146156311035,12.521675109863281,7.546523571014404,10.089165687561035,8.183381080627441,9.375694274902344,9.423578262329102
-0.14168448746204376,0.14488038420677185,0.385637491941452,-1.1270841360092163,0.17683929204940796,0.48684069514274597,-0.4122699201107025,0.12144385278224945,-0.802168607711792,0.46340417861938477
0.18110047280788422,-0.034089501947164536,-0.3536785840988159,1.6022065877914429,0.4303799569606781,0.04474247246980667,-0.40481284260749817,0.3717886209487915,-0.7627525925636292,0.3249155580997467
-0.4101393222808838,-0.12463974207639694,-0.23543062806129456,0.252475380897522,0.01491415686905384,0.21199409663677216,-0.09268083423376083,-0.10972558706998825,-0.726532518863678,1.9217957258224487
