andando_passos_longos,3
-3.2130186557769775,-0.8044517636299133,-1.4652514457702637,-0.6607996821403503,-5.5976433753967285,-2.432508945465088,-0.6943184733390808,-0.933738648891449,-3.1507694721221924,-1.7908629179000854,-2.6431987285614014,-1.0630255937576294,1.0007762908935547,0.7182605266571045,-2.3798365592956543,-2.293645143508911,-2.734178304672241
5.114014625549316,2.911349296569824,1.6855180263519287,2.126051187515259,-0.4118026793003082,1.8626888990402222,3.222595453262329,4.266467571258545,4.654327869415283,4.4532151222229,4.687847137451172,4.3622355461120605,2.920926094055176,2.3511061668395996,3.28963303565979,1.7094600200653076,3.624821424484253
4.242525577545166,5.099649429321289,7.522581577301025,2.030282974243164,15.27979564666748,4.065354347229004,9.418789863586426,8.638279914855957,13.350069046020508,9.351752281188965,9.90241813659668,9.069235801696777,5.717353820800781,8.111555099487305,12.200851440429688,8.293514251708984,8.9064302444458
0.9065676927566528,0.504950761795044,-0.03835069015622139,0.5401055216789246,0.5038854479789734,0.3163931965827942,0.2194511741399765,0.08522375673055649,-0.15766394138336182,0.6647452712059021,0.07776667922735214,0.03622009605169296,-1.4733057022094727,-0.2599324584007263,-0.04154657945036888,-0.26845481991767883,0.11505206674337387
-1.9377751350402832,0.41120460629463196,0.2279735505580902,-0.13316211104393005,-0.37072333693504333,0.07244019210338593,-0.2343653291463852,0.19175344705581665,0.3302420377731323,-0.13103152811527252,0.965158998966217,-0.34728679060935974,1.1739572286605835,-0.3398297131061554,0.03195890784263611,0.2578018605709076,0.25886714458465576
0.0351547971367836,0.051134251058101654,-0.2546059787273407,0.32065439224243164,-0.6402434706687927,0.11292147636413574,-0.1842963695526123,-0.6061539649963379,-0.4420982301235199,-0.010652969591319561,0.5134730935096741,-0.13848860561847687,0.18110047280788422,0.16512101888656616,0.4452941119670868,-0.8884576559066772,-0.057526033371686935
