correndo,3
9.346963882446289,-5.3342814445495605,12.674903869628906,3.4572272300720215,6.833051681518555,2.2218191623687744,24.349031448364258,0.0,3.064578056335449,13.627796173095703,11.81299114227295,14.279019355773926,13.623007774353027,0.12928688526153564,34.227508544921875,11.281478881835938,5.817910194396973
-14.302961349487305,-18.856733322143555,-4.462791919708252,-5.932831764221191,3.3854012489318848,0.4405331015586853,-1.0582371950149536,0.0,9.390059471130371,4.367023944854736,-3.050212860107422,-15.275007247924805,-0.5937620401382446,4.63517427444458,-13.536816596984863,-4.3861775398254395,-1.091755986213684
7.967903137207031,-4.175487995147705,-0.2298433631658554,-1.455674648284912,-6.244078159332275,2.3702597618103027,4.960785865783691,0.0,2.03507137298584,0.11971008777618408,-0.7134721279144287,4.4292731285095215,-4.132391929626465,7.771578788757324,4.754884719848633,-2.3127987384796143,0.4884171485900879
1.556398868560791,2.5684309005737305,1.0780805349349976,2.1902503967285156,1.9079468250274658,-1.8802491426467896,-2.4192893505096436,0.19814522564411163,-1.5478764772415161,-1.490350365638733,0.0937461331486702,-0.05326484516263008,1.3721024990081787,-0.3185237944126129,3.1426260471343994,-1.8600084781646729,0.9608978629112244
-1.7545440196990967,1.535092830657959,-4.2835588455200195,-0.03835069015622139,-0.5560849905014038,5.19545316696167,-1.1004517078399658,-0.5773909687995911,0.06604841351509094,-0.3952251672744751,0.46660006046295166,0.19814522564411163,1.1995244026184082,0.8841964602470398,-0.4804489314556122,0.22690825164318085,-4.075826168060303
-1.6000759601593018,-4.148266315460205,2.975374460220337,-0.6082845330238342,-0.10333380103111267,-3.2534167766571045,4.654282093048096,-0.14807628095149994,0.11505206674337387,1.7012791633605957,-0.13529270887374878,0.010652969591319561,-0.6498311161994934,-0.2929566502571106,-3.649707317352295,3.7636940479278564,0.8405193090438843
