andando_passos_longos,3
-0.090979665517807,0.35913026332855225,1.6759412288665771,2.557007312774658,1.259350061416626,-0.8954314589500427,1.1109095811843872,0.17717093229293823,-1.7334020137786865,2.1547815799713135,0.5123591423034668,-2.408566951751709,1.41257905960083,0.1628057211637497,1.7334020137786865,1.316810965538025,0.47405192255973816,-0.20111294090747833,-0.49320554733276367,0.6560112833976746
4.879383087158203,3.4572272300720215,0.9720458984375,0.3878606855869293,2.873042106628418,3.9408559799194336,3.4524388313293457,2.3558945655822754,4.228160381317139,3.0406360626220703,1.8483237028121948,0.8906430602073669,0.5985504388809204,0.35434186458587646,4.4292731285095215,3.711012601852417,1.4939818382263184,1.6089035272598267,4.223371982574463,1.5322890281677246
9.974244117736816,7.062894821166992,8.17380428314209,8.288725852966309,9.050082206726074,12.60307788848877,12.258312225341797,7.24485445022583,11.841721534729004,8.743624687194824,5.937620162963867,9.255983352661133,12.354081153869629,9.275136947631836,12.196063041687012,7.608773231506348,6.14831018447876,5.971138954162598,12.449849128723145,11.185709953308105
-0.29402196407318115,-0.5773909687995911,-0.024501830339431763,0.14701098203659058,-0.5997622013092041,0.7766014933586121,0.11505206674337387,0.7425119876861572,-0.5741950273513794,-0.4420982301235199,-0.2844342887401581,0.019175345078110695,-0.7297284007072449,0.4921671748161316,-0.3696580231189728,-0.015979453921318054,0.2546059787273407,0.1693822145462036,0.16618631780147552,0.4218575954437256
0.19388404488563538,0.7499690651893616,-0.19814522564411163,0.21518997848033905,-0.13316211104393005,-0.13103152811527252,0.11079087853431702,0.1725780963897705,0.013848859816789627,-1.0642316341400146,0.08415845781564713,0.5390402674674988,-0.3696580231189728,-0.3163931965827942,-0.9108288884162903,-0.32598087191581726,0.3366338312625885,0.501754879951477,-0.2077329009771347,-0.4602082669734955
-0.4836448132991791,0.5997622013092041,-0.23010413348674774,-0.1842963695526123,-0.656222939491272,-1.056774616241455,-0.26525893807411194,0.45488178730010986,-0.9044371247291565,0.625329315662384,-0.6775288581848145,-0.31106671690940857,-0.4953630864620209,0.1960146427154541,0.40800872445106506,-0.0468730665743351,0.5390402674674988,0.6466352343559265,0.5124078392982483,-0.09268083423376083
