andando,3
-1.2066776752471924,-0.5171475410461426,-1.920149803161621,1.2737152576446533,0.3064578175544739,0.17717093229293823,-1.5897499322891235,-1.4317326545715332,0.033518824726343155,-0.23942017555236816,-1.7286136150360107,-1.4891934394836426,-0.35913026332855225,2.0207061767578125,0.0,1.2306196689605713
1.5610195398330688,3.112462282180786,1.4987702369689941,2.0925323963165283,2.9257144927978516,2.9017724990844727,3.6583402156829834,0.4596867263317108,2.4420857429504395,3.4189200401306152,1.6089035272598267,0.7613561153411865,0.9720458984375,1.292868971824646,0.0,-0.6703764796257019
11.1474027633667,8.987833023071289,9.524134635925293,6.971915245056152,10.342951774597168,9.557653427124023,8.877699851989746,9.557653427124023,8.89685344696045,8.418013572692871,7.819462776184082,9.394847869873047,12.722787857055664,9.873687744140625,0.0,11.176133155822754
0.9182859659194946,0.5709991455078125,-0.287630170583725,-0.2546059787273407,0.30574020743370056,-0.11079087853431702,0.22158175706863403,-0.398421049118042,0.22051647305488586,-0.438902348279953,0.398421049118042,0.082027867436409,0.19814522564411163,-0.3430256247520447,-0.4772530198097229,-0.18536166846752167
-0.06498311460018158,0.15020686388015747,0.18536166846752167,-0.12677033245563507,0.01491415686905384,0.07244019210338593,0.0703095942735672,0.5422361493110657,0.310001403093338,0.06178722158074379,0.12996622920036316,-0.31106671690940857,0.14274978637695312,-0.41440051794052124,0.4069434404373169,0.20986349880695343
-0.17151281237602234,0.345156192779541,0.11611736565828323,0.17364339530467987,0.6168069243431091,0.8533028364181519,-0.2343653291463852,-1.1004517078399658,0.5773909687995911,0.7819279432296753,0.7702096700668335,0.19388404488563538,0.2109287977218628,0.4271840751171112,0.06498311460018158,-0.042611878365278244
