andando_passos_longos,1
-0.6272808313369751,-0.4836287498474121,-0.49320554733276367,-2.4372973442077637,2.10210919380188,1.8148049116134644,1.699883222579956,0.507570743560791,0.009576806798577309
3.7828385829925537,2.9161376953125,1.4891934394836426,2.7293899059295654,1.867477297782898,0.9241618514060974,2.5043349266052246,4.127603530883789,0.5985504388809204
8.216899871826172,9.069235801696777,9.299078941345215,2.4372973442077637,12.6365966796875,14.111424446105957,9.21288776397705,9.227252960205078,9.725247383117676
-0.08309315890073776,0.22477765381336212,0.2993484437465668,0.0,-0.3888333737850189,0.43783703446388245,0.2343653291463852,0.10652969032526016,0.5006895661354065
0.10226850211620331,0.04367717355489731,0.17790459096431732,0.0,-0.05219954997301102,0.060721926391124725,0.03302420675754547,0.07457078248262405,0.08096256852149963
0.4836448132991791,-0.06285251677036285,0.23330003023147583,0.0,-0.04048128426074982,0.02343653328716755,-0.31745848059654236,-0.20879819989204407,0.20560230314731598
