andando_passos_longos,1
-3.0406360626220703,-0.43095630407333374,-1.680729627609253,2.006340980529785,0.37828385829925537,-0.40701428055763245,-2.0685901641845703,-2.873042106628418
3.7158010005950928,1.8483237028121948,3.4189200401306152,-1.6615760326385498,-2.322375535964966,1.3215993642807007,2.3319525718688965,2.470816135406494
1.6280571222305298,6.133944988250732,10.735600471496582,13.618219375610352,9.442731857299805,8.801085472106934,9.32302188873291,7.929595947265625
-0.6658105850219727,0.7840585708618164,-0.37604981660842896,-0.37072333693504333,1.0003138780593872,-2.263756036758423,1.492480993270874,1.9803869724273682
0.9992485046386719,-0.13103152811527252,-1.0631663799285889,-0.18003518879413605,-0.4911018908023834,1.4690444469451904,-0.2716507315635681,-2.0783944129943848
-0.597631573677063,-0.0010652969358488917,-0.9513101577758789,0.07457078248262405,-0.2375612109899521,0.8000379800796509,-0.802168607711792,-0.03728539124131203
