andando,2
-2.2409727573394775,-4.563348293304443,-1.2066776752471924,-1.455674648284912,-0.8858546018600464,-2.3798365592956543,-0.9720458984375,0.9385270476341248,-0.9672574996948242,-0.6272808313369751,-2.3702597618103027,-1.0773907899856567,-0.8236053586006165,-1.766920804977417
2.365471363067627,1.9393033981323242,2.4372973442077637,2.4468741416931152,2.212242364883423,2.82515811920166,1.5322890281677246,2.298433542251587,2.7437551021575928,1.3838485479354858,2.7054479122161865,3.3710360527038574,3.222595453262329,2.451662540435791
8.820239067077637,12.440272331237793,10.6925048828125,10.228029251098633,7.096413612365723,10.577583312988281,10.649409294128418,8.556877136230469,8.571242332458496,7.450755596160889,7.560888767242432,10.845733642578125,9.040505409240723,9.931148529052734
-0.05326484516263008,0.0,-0.86715167760849,0.35793977975845337,-0.1842963695526123,0.5454320311546326,-0.11931325495243073,0.13955390453338623,0.3973557651042938,0.7254672050476074,-0.6040233373641968,0.12677033245563507,0.17151281237602234,-0.802168607711792
-0.3696580231189728,0.0,-0.5784562230110168,-0.18323107063770294,1.138802409172058,-0.34728679060935974,0.21518997848033905,-0.47831833362579346,-0.10652969032526016,0.2194511741399765,-0.5187996029853821,0.23330003023147583,-0.27378129959106445,0.3430256247520447
-0.0021305938716977835,0.0,-0.2428877055644989,-0.18003518879413605,-0.3749845325946808,-0.20666760206222534,0.10226850211620331,-0.3835068941116333,-0.12677033245563507,0.05965662747621536,-0.15446805953979492,0.3078708052635193,0.650896430015564,-0.5571503043174744
