andando_passos_longos,1
1.2545616626739502,-1.072602391242981,0.7613561153411865,-1.2737152576446533,0.1867477297782898,1.5083470344543457,-1.3215993642807007,0.1388636976480484,0.014365210197865963
4.146757125854492,3.160346269607544,3.203441858291626,6.36378812789917,4.050989151000977,3.0597896575927734,-0.4165911078453064,2.6001031398773193,2.585737943649292
6.095637321472168,8.7484130859375,6.157886981964111,13.03403377532959,7.441178798675537,9.418789863586426,11.228805541992188,8.595184326171875,11.72201156616211
-0.620002806186676,-0.15340276062488556,-0.10652969032526016,0.9470489621162415,-0.08415845781564713,0.33769911527633667,-0.3898986876010895,0.4772530198097229,0.164055734872818
-0.13316211104393005,0.2343653291463852,-0.07244019210338593,0.40907400846481323,0.23862650990486145,0.28869548439979553,-0.566737949848175,0.22477765381336212,-0.03195890784263611
0.5060160160064697,0.19707992672920227,-0.37924569845199585,0.4591429829597473,-1.0429257154464722,0.40587812662124634,0.3185237944126129,-1.0557092428207397,-0.18110047280788422
