andando_passos_longos,3
-0.38307225704193115,-0.2346317619085312,4.371812343597412,-0.9720458984375,2.3558945655822754,-1.292868971824646,0.09576806426048279,1.6328455209732056,-0.06703764945268631,-1.6376339197158813,-0.8188169598579407,-1.2976573705673218,1.5514427423477173,-0.2825157940387726,1.2066776752471924,-3.141192674636841,-3.375824451446533
13.785813331604004,8.552088737487793,12.876016616821289,4.707000732421875,4.869806289672852,3.4620156288146973,5.544970989227295,4.8267107009887695,1.7573440074920654,2.3702597618103027,2.1595699787139893,5.329493045806885,4.218583583831787,6.651092529296875,11.72201156616211,12.339715957641602,13.508086204528809
14.571111679077148,5.688623428344727,13.15853214263916,9.47146224975586,-0.8906430602073669,20.192697525024414,3.691859006881714,8.08282470703125,-0.22026655077934265,3.2992098331451416,2.47560453414917,8.446743965148926,8.29830265045166,6.196194171905518,13.455413818359375,9.485827445983887,9.706093788146973
0.566737949848175,-0.009587672539055347,1.4179102182388306,-0.9044371247291565,1.3561229705810547,-2.889085292816162,1.2602462768554688,0.3898986876010895,0.4708612561225891,0.8916535377502441,0.05965662747621536,-0.34089502692222595,0.40587812662124634,-0.6604840755462646,-0.5869786143302917,-0.8011032938957214,-0.10759498924016953
-0.3345032334327698,0.3973557651042938,-0.5347790718078613,-0.38457220792770386,-0.05539543926715851,-0.8288010358810425,0.1523374617099762,-0.11292147636413574,0.26206305623054504,0.9278736114501953,0.5646073818206787,-0.7925809025764465,0.4911018908023834,0.18003518879413605,-0.7680791020393372,-0.17683929204940796,0.2961525619029999
0.3366338312625885,-1.4690444469451904,1.590488314628601,0.26206305623054504,0.024501830339431763,-1.6085983514785767,0.054330144077539444,-0.12463974207639694,0.566737949848175,1.104712963104248,0.11292147636413574,0.082027867436409,1.595814824104309,-1.0045750141143799,-1.2208303213119507,-0.2514100670814514,-1.2218955755233765
