andando,4
0.6560112833976746,0.047884032130241394,-0.4213795065879822,-0.5937620401382446,1.091755986213684,0.7086837291717529,0.4644751250743866,1.7334020137786865,-0.033518824726343155,0.22505496442317963,-0.13407529890537262,-1.5275006294250488,1.2689268589019775,0.545877993106842,-0.47405192255973816,0.49799394607543945,-0.6033388376235962,-0.4692635238170624,1.278503656387329,-1.7621324062347412,0.17238251864910126
4.185064792633057,3.0789434909820557,2.671929121017456,3.361459255218506,4.290409564971924,2.4420857429504395,2.6144683361053467,2.126051187515259,4.434061527252197,2.38462495803833,3.7828385829925537,2.628833532333374,3.8594532012939453,4.67827033996582,2.671929121017456,4.046200752258301,2.715024709701538,4.065354347229004,3.117250680923462,2.456450939178467,5.008669853210449
9.758766174316406,8.671798706054688,8.188169479370117,11.468226432800293,9.457097053527832,10.199298858642578,8.446743965148926,10.520122528076172,7.886500358581543,10.500968933105469,8.030152320861816,7.790732383728027,7.982268333435059,7.4986395835876465,9.715670585632324,9.318233489990234,10.395624160766602,8.65743350982666,12.962207794189453,9.002198219299316,10.1753568649292
-0.14807628095149994,0.35261330008506775,0.2844342887401581,0.322784960269928,0.0585913322865963,0.3803110122680664,-0.02024064213037491,0.08309315890073776,0.11505206674337387,0.17151281237602234,-0.082027867436409,0.2695201337337494,0.19707992672920227,-0.24075710773468018,0.03195890784263611,-0.13529270887374878,0.07563608139753342,0.006391781382262707,-0.011718266643583775,0.07776667922735214,-0.23649592697620392
0.5848480463027954,0.2599324584007263,-0.199210524559021,0.13422740995883942,0.0021305938716977835,-0.024501830339431763,-0.3163931965827942,-0.1289009302854538,-0.41440051794052124,-0.17364339530467987,0.10759498924016953,0.4357064366340637,0.22158175706863403,0.1491415649652481,0.22584295272827148,-0.009587672539055347,0.11505206674337387,-0.0703095942735672,0.15553335845470428,-0.017044750973582268,-0.26419365406036377
0.6807247400283813,0.4570123851299286,0.6018927693367004,-0.011718266643583775,0.09161553531885147,0.5124078392982483,0.06817900389432907,-0.20879819989204407,0.2109287977218628,0.2428877055644989,0.15340276062488556,-0.2727160155773163,-0.23543062806129456,-0.26845481991767883,0.057526033371686935,0.2109287977218628,0.13848860561847687,0.010652969591319561,-0.40907400846481323,-0.32917675375938416,-0.5433014631271362
