andando_passos_longos,3
-0.24899697303771973,0.47405192255973816,1.6376339197158813,2.403778553009033,2.7533318996429443,2.604891538619995,2.3511061668395996,-0.7613561153411865,-0.8427590131759644,-0.47884035110473633,0.8092401623725891,-1.1827356815338135,-0.8092401623725891,-0.933738648891449,-0.6177040338516235
5.5545477867126465,3.7684733867645264,2.734178304672241,1.4652514457702637,0.6272808313369751,0.5171475410461426,4.352658748626709,5.7125654220581055,1.3646949529647827,4.874594688415527,7.230489253997803,1.0199298858642578,1.4748282432556152,1.2258312702178955,5.621585369110107
9.035717010498047,8.911218643188477,7.053318023681641,14.528016090393066,6.938396453857422,7.824251174926758,6.45476770401001,10.438719749450684,5.827486991882324,9.514557838439941,6.3063273429870605,14.652514457702637,6.45476770401001,11.84650993347168,7.714118003845215
-0.18855755031108856,0.28549957275390625,-0.11079087853431702,0.10120321065187454,-0.012783562764525414,-0.9374613165855408,-0.5560849905014038,0.03622009605169296,-0.23330003023147583,-0.3653968572616577,0.8415845632553101,-0.40800872445106506,0.5955010056495667,0.03195890784263611,-0.3163931965827942
0.23223473131656647,-0.07244019210338593,-0.17364339530467987,0.2343653291463852,-0.0010652969358488917,-0.2695201337337494,-0.21518997848033905,-0.27697721123695374,0.09587672352790833,0.164055734872818,-0.4218575954437256,0.2727160155773163,0.5070813298225403,0.3036096394062042,-0.2950872480869293
-0.7510343194007874,0.7084224820137024,-0.36433154344558716,-0.11931325495243073,0.40587812662124634,-0.3771151006221771,0.26738953590393066,-0.27378129959106445,0.20879819989204407,0.1054643988609314,-0.060721926391124725,-0.3163931965827942,0.26206305623054504,-0.0585913322865963,-0.7318589687347412
