correndo,3
-7.647080421447754,-10.687716484069824,-19.51274299621582,-10.180145263671875,-16.40028190612793,0.0,-11.84650993347168,-14.901511192321777,1.6663644313812256,-15.097835540771484,-0.689530074596405,-32.41270446777344,-10.218452453613281,-2.6671407222747803,-8.738836288452148,4.165910720825195,-3.533841609954834,-0.40222588181495667
-4.568136692047119,1.8100165128707886,-2.188300371170044,-2.1547815799713135,-2.9975404739379883,0.0,1.4317326545715332,-3.2082302570343018,-3.974374771118164,1.1444283723831177,1.1444283723831177,2.647987127304077,-1.7812861204147339,6.445190906524658,1.8148049116134644,1.5466543436050415,-1.9632453918457031,5.4013190269470215
1.3551181554794312,4.869806289672852,4.845864295959473,1.9153614044189453,0.1867477297782898,0.0,4.122815132141113,1.039083480834961,-0.7326257228851318,2.978386878967285,5.803544998168945,7.881711959838867,1.53707754611969,-2.2888567447662354,1.843535304069519,7.675810813903809,5.530605792999268,3.1507694721221924
0.802168607711792,0.8905882239341736,0.9012411832809448,0.872478187084198,-2.6643075942993164,-0.8820658922195435,-1.2740951776504517,-0.7595567107200623,0.3920292854309082,1.7683929204940796,-1.2762256860733032,1.6320348978042603,0.6764635443687439,-0.3717886209487915,-0.6168069243431091,-0.7755361795425415,-1.787568211555481,-2.1487038135528564
0.34941738843917847,-2.1849241256713867,0.30893611907958984,0.45168590545654297,-0.13848860561847687,-1.003509759902954,1.50313401222229,0.20879819989204407,0.15127216279506683,-0.05646073818206787,-3.9959287643432617,0.7766014933586121,-0.12677033245563507,-0.2311694324016571,0.3685927391052246,-1.8418984413146973,-0.4974936544895172,-0.2865648865699768
-0.082027867436409,2.4768154621124268,0.00745707843452692,-0.527321994304657,0.1725780963897705,-1.1228229999542236,-2.0698719024658203,0.7893850207328796,0.4570123851299286,1.3539924621582031,0.5731297731399536,-0.07883197069168091,-0.43996763229370117,-0.1960146427154541,-0.10013791173696518,-0.41440051794052124,1.0727540254592896,0.7371854782104492
