correndo,2
13.512874603271484,3.3423056602478027,1.2832920551300049,27.791893005371094,24.66506576538086,17.219099044799805,-5.774814605712891,20.55182647705078,-23.69780921936035,25.933992385864258,22.53901481628418,15.49527359008789,1.9919757843017578
12.97657299041748,0.6129156351089478,5.841852188110352,-7.340622425079346,2.580949544906616,-7.843404769897461,-25.77118682861328,-13.263877868652344,-19.038692474365234,-10.199298858642578,3.912125587463379,-14.781801223754883,-1.9919757843017578
-2.499546527862549,-0.8858546018600464,5.549759387969971,1.8626888990402222,12.708422660827637,5.659893035888672,-7.51779317855835,3.8307228088378906,-6.129156112670898,5.363011837005615,1.4077905416488647,1.3934253454208374,4.462791919708252
0.7020306587219238,0.07137489318847656,-0.970485508441925,0.8138868808746338,3.8968563079833984,-0.6519617438316345,0.019175345078110695,1.2048507928848267,-4.011908054351807,-5.979511737823486,-0.019175345078110695,-3.756237030029297,0.13848860561847687
-0.3302420377731323,0.6881818175315857,-0.6636800169944763,-0.350482702255249,1.0290768146514893,6.2223992347717285,-0.9118942022323608,0.0053264847956597805,0.7478384375572205,1.7524135112762451,0.877804696559906,1.3689066171646118,-6.797659873962402
-5.322223663330078,0.13955390453338623,-0.2546059787273407,0.35900506377220154,-8.008902549743652,-2.5407330989837646,2.5694961547851562,-3.818024158477783,4.1567888259887695,4.373044013977051,-1.803547739982605,4.788509845733643,2.4629664421081543
