correndo,3
2.0254945755004883,-2.3942017555236816,19.302053451538086,17.98045539855957,38.307228088378906,7.671022415161133,29.46304702758789,-16.136919021606445,49.224788665771484,15.600618362426758,-3.8163576126098633,29.611486434936523,42.248085021972656,10.764330863952637,21.346702575683594
-18.574216842651367,6.540958881378174,-2.8826189041137695,-31.03843116760254,-34.591426849365234,-3.6104562282562256,19.665973663330078,-36.985626220703125,-36.14286804199219,-13.024456977844238,3.9264907836914062,-15.437812805175781,-27.69133758544922,-9.787496566772461,14.202404022216797
-5.674258232116699,7.843404769897461,-5.315127849578857,2.75812029838562,0.3495534360408783,-0.24420857429504395,2.1499931812286377,-17.62132453918457,-2.293645143508911,-2.4612393379211426,4.98472785949707,1.8148049116134644,2.3942017555236816,-2.255337953567505,26.5612735748291
2.7420742511749268,-4.761877536773682,-2.1710751056671143,-0.7915156483650208,2.3969180583953857,0.019175345078110695,-5.029266834259033,6.0263848304748535,3.660360336303711,0.7925809025764465,-0.9363960027694702,2.258429527282715,-0.8895229697227478,1.1270841360092163,2.470423698425293
2.326608419418335,1.6980832815170288,1.1441289186477661,-0.7371854782104492,1.8142006397247314,-3.250221014022827,0.5401055216789246,1.5670517683029175,0.5060160160064697,-6.021058082580566,0.9353306889533997,-0.57526034116745,-5.235934257507324,7.327112197875977,-3.3535547256469727
-7.5028862953186035,1.8163312673568726,5.846349716186523,3.9874064922332764,-6.6953911781311035,1.2730298042297363,6.7060441970825195,-9.133855819702148,-5.87404727935791,2.899738311767578,-0.5006895661354065,-3.5772671699523926,8.835573196411133,-7.628591537475586,5.7611260414123535
