andando_passos_longos,2
0.3447650372982025,0.19632454216480255,-1.192312479019165,-0.646434485912323,0.8667010068893433,-1.4508862495422363,-0.45010992884635925,3.1651346683502197,0.7374141216278076,-0.05746084079146385,-2.8443117141723633,-0.9241618514060974,-0.7134721279144287
1.048660397529602,1.0438719987869263,7.115567684173584,5.70777702331543,2.6001031398773193,5.817910194396973,-0.26336219906806946,1.6041151285171509,3.0166940689086914,4.003105163574219,4.711789131164551,-2.7964274883270264,0.13407529890537262
4.683058738708496,6.890512466430664,8.853757858276367,7.15387487411499,8.26478385925293,8.528146743774414,8.29830265045166,17.07065773010254,7.225700855255127,8.954314231872559,8.001421928405762,17.233463287353516,9.888052940368652
0.01491415686905384,0.3419603109359741,-0.5283873081207275,-0.3888333737850189,-0.3302420377731323,-0.11185617744922638,0.2695201337337494,0.9332001209259033,-0.40587812662124634,-0.049003660678863525,-0.01491415686905384,0.6466352343559265,0.47831833362579346
-0.3536785840988159,0.35900506377220154,-0.24395300447940826,-0.4367717504501343,0.6466352343559265,-0.6466352343559265,0.5784562230110168,-0.19175344705581665,0.06285251677036285,0.36433154344558716,0.04154657945036888,-0.6082845330238342,-0.034089501947164536
-0.6583535075187683,0.4282493591308594,-0.03302420675754547,-0.9566366672515869,-0.13955390453338623,-0.08522375673055649,1.1537165641784668,0.24075710773468018,-0.7233366370201111,0.5230607986450195,0.6743329763412476,0.49642837047576904,0.24075710773468018
