andando,2
10.271124839782715,0.0,1.2066776752471924,6.900089263916016,7.848193168640137,8.279149055480957,7.259219646453857,8.920795440673828,12.373234748840332,8.35097599029541,4.343081951141357,8.269572257995605,8.9064302444458
-4.6255974769592285,0.0,1.5275006294250488,-6.703764915466309,-4.0749311447143555,-4.73573112487793,-4.553771495819092,-4.491522312164307,-1.048660397529602,-6.4164605140686035,-2.868253707885742,-4.424484729766846,-5.655104637145996
4.367023944854736,0.0,6.540958881378174,3.3949780464172363,1.4508862495422363,1.6519991159439087,1.7142484188079834,2.1164743900299072,4.616020679473877,2.0015525817871094,8.097189903259277,0.033518824726343155,2.585737943649292
0.14168448746204376,-0.7233366370201111,1.1931325197219849,0.23543062806129456,-0.667941153049469,0.02343653328716755,0.46979594230651855,-0.3515479862689972,-0.22477765381336212,-0.15446805953979492,-0.15659864246845245,-1.0716887712478638,0.9097635746002197
-0.3398297131061554,-0.09587672352790833,2.6792218685150146,-0.41653111577033997,-0.025567125529050827,0.4303799569606781,-0.41120460629463196,-0.27910780906677246,0.7073571681976318,0.44316351413726807,2.523688554763794,0.5901744961738586,-0.7627525925636292
-0.06711370497941971,0.32385027408599854,-0.5550196766853333,-0.9790078997612,0.3867027759552002,0.04154657945036888,0.09907261282205582,0.8884576559066772,-1.9249916076660156,-0.12783563137054443,-3.510153293609619,0.8394539952278137,-0.43464115262031555
