correndo,3
14.690821647644043,6.042964935302734,10.357316970825195,16.170438766479492,-0.933738648891449,13.345280647277832,8.494627952575684,16.117765426635742,0.8044517636299133,2.806004285812378,6.818686485290527,7.790732383728027,24.339454650878906,3.155557870864868,7.206547260284424,1.522712230682373
-3.5242648124694824,8.288725852966309,2.580949544906616,-5.789179801940918,-3.136404275894165,1.8818424940109253,-1.4652514457702637,-5.118803024291992,4.261679172515869,2.5330653190612793,-0.33039984107017517,3.141192674636841,-3.993528366088867,1.8052281141281128,2.6240451335906982,-3.8355112075805664
6.248866558074951,-2.5091233253479004,-4.2329487800598145,-1.4891934394836426,-2.054224967956543,7.398083209991455,5.348646640777588,1.8339585065841675,5.4013190269470215,5.310339450836182,5.171475887298584,1.900996208190918,7.441178798675537,4.410119533538818,4.707000732421875,-5.185841083526611
0.6519617438316345,1.6203166246414185,1.800351858139038,0.8746087551116943,-0.17683929204940796,-0.3600703775882721,1.2847480773925781,1.3092498779296875,0.004261187743395567,-0.566737949848175,0.17896988987922668,0.5486279129981995,-3.261939287185669,-0.40587812662124634,0.39415985345840454,-1.5191134214401245
0.7041612863540649,0.5315831899642944,0.47618773579597473,0.9108288884162903,0.7510343194007874,0.7414466738700867,2.586540937423706,-0.2695201337337494,-0.7584913969039917,0.6466352343559265,-2.570561408996582,-0.06604841351509094,0.45807766914367676,-4.216445446014404,3.521871566772461,-0.9395918846130371
-0.48471009731292725,-0.8533028364181519,-0.9502448439598083,-1.2304179668426514,0.6018927693367004,0.5145384073257446,-0.9033718109130859,-0.5699338316917419,-0.3717886209487915,-0.08628904819488525,2.28399658203125,-0.6572881937026978,-0.17790459096431732,-0.11824796348810196,-0.7052266001701355,0.8298662900924683
