correndo,3
-14.465766906738281,-7.671022415161133,-24.621971130371094,-19.838356018066406,-2.786850690841675,-7.556100368499756,-3.203441858291626,-15.504850387573242,-6.052541732788086,-4.797980308532715,1.5658079385757446,-14.116212844848633,-10.687716484069824,-18.732234954833984,-5.679046630859375,-4.941632270812988,-9.734824180603027
-5.990292549133301,-3.3949780464172363,-2.298433542251587,-3.9887399673461914,3.064578056335449,-4.10366153717041,-5.023035049438477,-2.6815059185028076,-6.248866558074951,4.027047157287598,-3.9025487899780273,1.455674648284912,0.5027823448181152,-2.4612393379211426,-2.896984100341797,1.9393033981323242,2.322375535964966
5.348646640777588,-4.23773717880249,4.869806289672852,9.653421401977539,2.38462495803833,0.7565677165985107,2.9448680877685547,2.049436569213867,-0.9050082564353943,-1.1061211824417114,-3.3901896476745605,3.648763418197632,3.2752678394317627,-3.294421434402466,3.5194764137268066,-3.5003228187561035,5.659893035888672
1.58835768699646,-2.910391330718994,0.894849419593811,-0.8533028364181519,-0.060721926391124725,-0.54969322681427,-0.0703095942735672,-0.1139867752790451,-0.009587672539055347,0.15659864246845245,0.008522375486791134,-0.438902348279953,-0.5646073818206787,0.1491415649652481,1.4860892295837402,1.0471868515014648,-0.01491415686905384
0.8937841057777405,-0.8714128732681274,0.26845481991767883,-1.5233746767044067,-1.1995244026184082,2.135920286178589,0.4186616837978363,-0.274846613407135,0.2599324584007263,-0.7670137882232666,-0.41972699761390686,0.6008274555206299,-1.1654348373413086,-1.3625147342681885,0.16299043595790863,-0.36113566160202026,-3.0456838607788086
0.2578018605709076,1.3529270887374878,-0.2833689749240875,2.2445807456970215,0.47299185395240784,-2.5407330989837646,0.7872544527053833,0.7297284007072449,-0.9150900840759277,0.6050886511802673,-1.2570503950119019,0.1874922662973404,0.9800731539726257,-0.7094877362251282,-0.15446805953979492,1.6373614072799683,1.5702476501464844
