correndo,2
-3.8115692138671875,18.808849334716797,-0.26336219906806946,9.275136947631836,7.177816867828369,-1.6041151285171509,8.667010307312012,20.853496551513672,17.343597412109375,19.20628547668457,-0.7996633648872375,5.243301868438721,19.407398223876953,-0.06224924325942993,20.408174514770508
-10.970232009887695,12.018892288208008,1.8579005002975464,-4.917690277099609,14.652514457702637,3.7636849880218506,-14.618995666503906,-10.089165687561035,-6.133944988250732,-13.345280647277832,6.028599739074707,0.004788403399288654,1.6089035272598267,3.955221176147461,-12.564770698547363
3.6296098232269287,-2.9017724990844727,3.7253777980804443,0.7805097699165344,13.014880180358887,7.331045627593994,-0.828393816947937,7.924807548522949,1.0247182846069336,4.2760443687438965,8.24084186553955,0.09576806426048279,5.2480902671813965,6.382941722869873,5.884947776794434
3.143691301345825,-0.09587672352790833,-1.9185997247695923,-1.444542646408081,-0.8969800472259521,-1.9367098808288574,1.641622543334961,1.9984970092773438,2.8816282749176025,-0.6839206218719482,-0.03835069015622139,-0.47831833362579346,-1.6054024696350098,-2.114614486694336,0.7052266001701355
-0.8426498770713806,-0.8479763865470886,-0.5550196766853333,2.3031718730926514,1.197393774986267,0.24075710773468018,0.8053644895553589,-1.1633042097091675,0.24075710773468018,-6.396042823791504,0.8149521350860596,-1.5436152219772339,0.025567125529050827,4.881190776824951,-1.2687686681747437
-0.7158795595169067,-0.4154658019542694,-1.6117942333221436,-5.982707500457764,2.810253381729126,0.7126836776733398,-4.866276264190674,-1.9154038429260254,-1.983582854270935,3.28857159614563,0.024501830339431763,0.3898986876010895,4.334693431854248,-1.0333380699157715,3.9021825790405273
