andando,1
0.0,-0.8140285611152649,0.5985504388809204,-0.6751648783683777,0.35434186458587646,-1.6519991159439087,0.7230489253997803
0.0,2.513911724090576,3.88818359375,3.9887399673461914,3.912125587463379,2.451662540435791,4.079719543457031
0.0,8.959102630615234,8.762778282165527,10.496180534362793,9.361329078674316,7.608773231506348,8.62391471862793
0.017044750973582268,0.027697719633579254,0.0031958906911313534,-0.1054643988609314,-0.20240642130374908,0.36220094561576843,-0.14807628095149994
0.03195890784263611,0.3973557651042938,0.01491415686905384,-0.08841964602470398,-0.03302420675754547,0.32385027408599854,-0.004261187743395567
0.4484900236129761,0.24075710773468018,0.12677033245563507,-0.0937461331486702,-0.3813762962818146,0.3398297131061554,-0.07563608139753342
