correndo,3
37.73262023925781,19.608510971069336,15.471331596374512,2.0590133666992188,-0.09576806426048279,3.773261785507202,16.974889755249023,12.181697845458984,17.578227996826172,13.536816596984863,2.8395233154296875,11.065999984741211,-10.271124839782715,10.41956615447998,15.026009559631348,-1.4748282432556152,4.620809078216553,24.219743728637695,19.665973663330078
-18.871097564697266,-0.12928688526153564,4.242525577545166,-19.718645095825195,4.577713489532471,-7.814674377441406,-17.142484664916992,-17.78891944885254,-2.451662540435791,-4.76924991607666,3.4524388313293457,-24.13355255126953,-7.249642848968506,-12.914323806762695,-14.408306121826172,2.274491548538208,3.251325845718384,-12.42111873626709,4.084507942199707
6.5696892738342285,5.535394191741943,12.598289489746094,-3.3949780464172363,8.504204750061035,-2.734178304672241,4.098873138427734,-9.528923034667969,0.8379706144332886,-7.694964408874512,8.585607528686523,7.781155586242676,-4.285621166229248,5.530605792999268,4.644751071929932,-1.4173674583435059,13.905523300170898,-1.4413094520568848,7.805097579956055
0.9853996634483337,-0.009587672539055347,0.44316351413726807,-0.35580918192863464,1.9122079610824585,-0.2695201337337494,0.4282493591308594,-0.8064298033714294,1.70021390914917,-0.35900506377220154,0.0,-0.2844342887401581,-1.5809006690979004,1.983582854270935,-5.42662239074707,-0.028763016685843468,0.4708612561225891,0.2780424952507019,4.632976531982422
3.756237030029297,0.07457078248262405,0.9747467041015625,1.4189754724502563,-2.135920286178589,3.5240023136138916,-1.001379132270813,0.2780424952507019,0.0585913322865963,0.09481142461299896,0.0,-0.7307937145233154,0.6189374923706055,-2.0464353561401367,-0.34089502692222595,-2.9242401123046875,-0.7457078695297241,0.4303799569606781,-1.4946116209030151
-7.183297157287598,-0.0351547971367836,-0.5006895661354065,7.365462779998779,0.13955390453338623,-1.6565366983413696,-0.7361201643943787,5.495866775512695,-7.5934367179870605,-2.3564367294311523,0.0,1.2165690660476685,1.6394920349121094,-0.03728539124131203,6.520682334899902,4.670261859893799,-1.1888713836669922,0.7403813600540161,-8.195329666137695
