correndo,3
-1.4939818382263184,0.0,21.57654571533203,13.75708293914795,0.7469909191131592,2.561795711517334,18.16720199584961,40.361454010009766,19.646820068359375,0.7996633648872375,6.354211330413818,16.673221588134766,38.728607177734375,8.825027465820312,16.850391387939453,36.928165435791016
5.319916248321533,0.0,12.445060729980469,-7.450755596160889,2.8778305053710938,-14.451401710510254,-23.855825424194336,-23.20939064025879,9.825803756713867,7.3693528175354,-18.253393173217773,9.792284965515137,-13.086706161499023,-5.003881454467773,-21.32754898071289,-17.48724937438965
2.63362193107605,0.0,2.451662540435791,5.295974254608154,2.7246015071868896,-1.41257905960083,2.6431987285614014,7.072471618652344,14.695610046386719,9.926360130310059,2.164358377456665,11.817779541015625,6.119579315185547,1.2689268589019775,-3.845088005065918,5.875370979309082
-1.6320348978042603,-0.4559471011161804,-1.2176344394683838,-3.6880578994750977,0.8916535377502441,2.422485113143921,0.10652969032526016,2.002758264541626,-1.949493408203125,-2.9892232418060303,2.39585280418396,-3.1255812644958496,-2.2935843467712402,-0.12463974207639694,5.4734954833984375,4.181290626525879
1.097255825996399,-0.7403813600540161,0.20240642130374908,-0.1139867752790451,-2.2445807456970215,1.3923430442810059,-0.3952251672744751,0.678594172000885,0.8032338619232178,4.472116470336914,2.2179481983184814,0.19707992672920227,-1.3167070150375366,-3.7903265953063965,0.18216577172279358,-0.602958083152771
-1.4839586019515991,-0.2695201337337494,3.2853758335113525,4.020430564880371,-0.31106671690940857,-3.5719406604766846,2.28399658203125,-2.427811622619629,1.7385646104812622,-2.08691668510437,-7.547628879547119,7.337765216827393,6.624016284942627,2.384134531021118,-6.5260090827941895,-6.018927574157715
