correndo,3
12.550405502319336,16.697162628173828,8.734047889709473,23.80315399169922,-0.12449848651885986,-0.2298433631658554,10.050858497619629,8.863334655761719,13.73314094543457,2.6384103298187256,2.6862943172454834,-0.5602431893348694,21.504718780517578,13.852850914001465,-1.5179238319396973,7.182605266571045
-1.0247182846069336,-4.802768707275391,-9.897629737854004,-5.889736175537109,3.5242648124694824,1.900996208190918,-1.41257905960083,-1.987187385559082,-14.595053672790527,-1.5275006294250488,6.1052141189575195,-6.234501361846924,-1.6903064250946045,-4.501099109649658,-0.9816226959228516,-2.9161376953125
6.301538944244385,5.453991413116455,-0.38307225704193115,6.339846134185791,7.1921820640563965,14.5806884765625,2.9688100814819336,2.3558945655822754,0.6560112833976746,-3.3662476539611816,-1.1683704853057861,-0.828393816947937,16.247053146362305,3.5913026332855225,7.01979923248291,0.42616790533065796
-1.0141626596450806,-1.4562609195709229,1.5745089054107666,0.5773909687995911,0.13848860561847687,-1.3742330074310303,-0.4484900236129761,-0.287630170583725,-0.26845481991767883,2.253103017807007,-0.2631283402442932,-0.06711370497941971,1.2272220849990845,1.2836828231811523,-2.4405953884124756,-0.34728679060935974
0.2375612109899521,-1.0077708959579468,0.4623388648033142,0.2727160155773163,3.3801872730255127,0.7393160462379456,-0.4602082669734955,-0.15127216279506683,-0.6061539649963379,-0.274846613407135,0.5475625991821289,-0.20879819989204407,-0.35261330008506775,-0.04154657945036888,4.493422508239746,0.15659864246845245
0.06178722158074379,0.37391921877861023,-1.1941978931427002,-0.07670138031244278,0.4101393222808838,0.5358443856239319,0.8799352645874023,0.8746087551116943,-0.4250534772872925,-1.1324106454849243,0.45807766914367676,-0.4250534772872925,-2.465097188949585,0.18536166846752167,-3.261939287185669,0.41120460629463196
