correndo,3
-0.4357447028160095,-2.628833532333374,1.0295066833496094,4.4292731285095215,-0.14365209639072418,0.7134721279144287,-4.050989151000977,-0.7182605266571045,-0.3974374830722809,-0.21547815203666687,0.3878606855869293,0.3974374830722809,2.499546527862549,3.581725835800171,1.4221558570861816,-0.5793967843055725,-0.06224924325942993
6.655880928039551,3.8546648025512695,5.257667064666748,7.359776020050049,4.1611223220825195,5.664681434631348,3.3423056602478027,3.5003228187561035,3.840299606323242,5.793968200683594,4.716577529907227,1.403002142906189,3.3710360527038574,8.02536392211914,6.071695327758789,2.451662540435791,6.775590896606445
12.72757625579834,15.926229476928711,8.034940719604492,-1.3503297567367554,7.661445617675781,9.174580574035645,17.62132453918457,9.677363395690918,3.9887399673461914,7.33583402633667,7.422025203704834,1.278503656387329,19.527109146118164,18.013973236083984,7.546523571014404,10.884040832519531,1.3694833517074585
0.36113566160202026,0.8000379800796509,0.08096256852149963,1.1196271181106567,-0.433575838804245,-0.004261187743395567,-0.17896988987922668,0.3185237944126129,-0.22903883457183838,-0.11079087853431702,-0.2546059787273407,0.26525893807411194,-1.0248156785964966,0.7425119876861572,-0.15872924029827118,0.8607599139213562,-0.20027582347393036
-0.4857754111289978,-0.10866028815507889,-0.34941738843917847,0.5464973449707031,-0.5315831899642944,0.14274978637695312,0.45168590545654297,0.9044371247291565,0.5464973449707031,-0.09907261282205582,0.19707992672920227,-0.12037855386734009,-1.1792837381362915,0.7595567107200623,-0.12357444316148758,-0.3813762962818146,-0.39309456944465637
-0.2812383770942688,1.141998291015625,0.030893610790371895,-0.5603461861610413,-0.13209682703018188,-0.28549957275390625,0.40481284260749817,-0.26525893807411194,0.07670138031244278,-0.1491415649652481,-0.2599324584007263,-0.1289009302854538,-0.17151281237602234,-1.097255825996399,-0.3078708052635193,-0.48471009731292725,0.1672516167163849
