correndo,3
-7.5848307609558105,32.80056381225586,5.142745018005371,-2.676717519760132,35.098995208740234,3.490746021270752,32.901119232177734,15.327679634094238,3.648763418197632,-2.0638017654418945,25.69936180114746,0.033518824726343155,31.7614803314209,41.898529052734375,14.901511192321777,14.901511192321777
-21.030668258666992,23.93243980407715,0.14365209639072418,-12.42111873626709,-8.461109161376953,-20.88701629638672,-29.8365421295166,-3.442862033843994,7.575253963470459,4.20421838760376,-16.127342224121094,3.4332852363586426,11.104307174682617,-30.918720245361328,6.124367713928223,-10.18493366241455
-6.98628044128418,1.8387469053268433,1.0534487962722778,-10.984597206115723,1.0438719987869263,-2.8826189041137695,-0.6799532771110535,0.5410895943641663,20.88701629638672,10.5344877243042,3.6391866207122803,3.7158010005950928,7.824251174926758,-4.927267074584961,9.806650161743164,3.3901896476745605
5.561915397644043,-2.2925190925598145,-0.7947115302085876,4.613801002502441,-1.8184618949890137,2.9572641849517822,-2.1167449951171875,-2.0421743392944336,-5.270023822784424,-0.33556854724884033,3.245959758758545,-0.43464115262031555,-5.311570644378662,2.029390573501587,-0.49003657698631287,1.5052645206451416
0.39309456944465637,-1.3635801076889038,-2.927435874938965,4.623388767242432,0.9864649772644043,0.11931325495243073,-1.9814523458480835,-0.17896988987922668,0.8799352645874023,-0.7457078695297241,-0.23543062806129456,0.8511722683906555,0.6168069243431091,1.949493408203125,-0.46660006046295166,-6.687934398651123
-7.100203990936279,6.1829833984375,0.7180101275444031,-5.724905967712402,-3.526132822036743,0.37285393476486206,4.25905704498291,4.582907199859619,-1.6267083883285522,0.4303799569606781,-7.134293556213379,-0.9608978629112244,9.197773933410645,-6.265011310577393,-0.7627525925636292,1.8791837692260742
