andando_passos_longos,3
0.4692635238170624,3.4093432426452637,0.7852981686592102,1.4700398445129395,1.2545616626739502,0.4884171485900879,0.5267243981361389,-0.646434485912323,-0.5027823448181152,-2.2170307636260986,-0.507570743560791,1.623268723487854,-0.181959331035614,-1.0773907899856567,-1.7190368175506592,1.50355863571167,-0.9672574996948242,-0.35434186458587646
2.121262788772583,1.7142484188079834,3.5194764137268066,3.6727054119110107,3.845088005065918,2.4803929328918457,5.430049419403076,3.88818359375,1.7812861204147339,5.070919036865234,0.790086567401886,2.4229321479797363,2.6144683361053467,3.5721490383148193,4.10366153717041,-1.3120225667953491,3.1890766620635986,-1.015141487121582
7.393294811248779,6.095637321472168,8.920795440673828,13.431471824645996,7.177816867828369,7.110779285430908,10.232817649841309,14.384364128112793,6.531382083892822,10.515334129333496,8.226476669311523,9.57201862335205,8.959102630615234,6.775590896606445,6.574477672576904,11.674127578735352,5.20978307723999,14.03959846496582
-0.6519617438316345,-0.0703095942735672,-0.39096397161483765,0.2162552773952484,-0.08841964602470398,0.10759498924016953,-0.05965662747621536,0.6722023487091064,0.12463974207639694,0.23330003023147583,-0.0010652969358488917,0.09481142461299896,0.12783563137054443,-0.20027582347393036,-0.21199409663677216,0.14701098203659058,0.0,0.9608978629112244
0.6157416105270386,-0.12357444316148758,-0.049003660678863525,0.2077329009771347,0.0,0.051134251058101654,-0.034089501947164536,-0.14488038420677185,-0.10120321065187454,0.0351547971367836,0.27058541774749756,-0.4239881932735443,0.1693822145462036,0.12996622920036316,-0.41653111577033997,-0.17896988987922668,0.0,0.26738953590393066
-0.37391921877861023,-1.1345412731170654,-0.19388404488563538,0.1171826645731926,-0.37391921877861023,0.42292287945747375,-0.23543062806129456,0.36433154344558716,-0.028763016685843468,-0.07883197069168091,0.7382507920265198,0.25567126274108887,-0.1374233067035675,-0.438902348279953,0.08841964602470398,0.32704615592956543,0.0,0.8042991757392883
