correndo,3
9.988609313964844,14.662091255187988,18.976442337036133,-0.7230489253997803,24.626758575439453,-9.873687744140625,17.4537296295166,3.35667085647583,0.9959878921508789,11.659762382507324,17.55907440185547,-0.5267243981361389,21.835119247436523,17.161638259887695,5.774814605712891,-0.45010992884635925,18.77532958984375
-5.080495834350586,-4.850652694702148,-5.085284233093262,1.7573440074920654,-2.5091233253479004,-12.416330337524414,-14.777012825012207,4.644751071929932,0.31124621629714966,7.90086555480957,7.86734676361084,-10.812214851379395,-12.574347496032715,5.4444146156311035,-5.746084213256836,4.146757125854492,-7.048529624938965
5.363011837005615,4.261679172515869,-16.76420021057129,7.718906402587891,-7.565677165985107,-1.0678139925003052,11.367670059204102,5.726930618286133,-4.1611223220825195,0.7230489253997803,9.950302124023438,-5.463568210601807,7.642292022705078,5.544970989227295,-1.4939818382263184,6.335057735443115,7.589619159698486
0.726532518863678,3.059532880783081,2.342587947845459,1.380624771118164,-3.547438859939575,-0.5454320311546326,-1.1686307191848755,0.06285251677036285,-0.9055023789405823,0.25673654675483704,0.9086982607841492,-2.1593568325042725,3.9852757453918457,3.7487800121307373,-2.755923271179199,0.0,-0.8256051540374756
3.5453081130981445,0.05646073818206787,-1.540419340133667,-3.5090880393981934,1.8834450244903564,-0.5464973449707031,0.8000379800796509,-0.69563889503479,0.9949873089790344,3.7040374279022217,1.3230987787246704,0.580586850643158,-0.72120600938797,-0.4974936544895172,-3.7466492652893066,0.0,0.4239881932735443
-0.7361201643943787,-3.765824556350708,-2.709050178527832,0.8234745264053345,1.2389403581619263,1.6288390159606934,0.7979074120521545,0.4804489314556122,-0.11611736565828323,-4.954696178436279,-0.5784562230110168,4.245208263397217,-1.3294905424118042,-5.305178642272949,5.6439433097839355,0.0,1.0855375528335571
