correndo,3
-0.8092401623725891,-0.6847416758537292,-0.14844051003456116,-0.8762778043746948,0.2585737705230713,1.8579005002975464,-0.9624691009521484,1.8291701078414917,0.689530074596405,1.4221558570861816,0.0,0.22026655077934265,-3.9695863723754883,0.24899697303771973,-1.3311761617660522,-2.207453966140747,2.6671407222747803
4.759673118591309,3.8546648025512695,4.707000732421875,9.825803756713867,3.136404275894165,5.228936672210693,0.3495534360408783,3.0885202884674072,2.9735984802246094,3.1459810733795166,0.0,5.449203014373779,2.9017724990844727,2.5761611461639404,4.108449935913086,6.473921298980713,-1.556231141090393
10.319009780883789,8.796297073364258,2.561795711517334,8.638279914855957,8.327033042907715,5.525817394256592,8.820239067077637,6.574477672576904,8.925583839416504,9.342175483703613,0.0,10.204087257385254,18.28691291809082,9.940725326538086,18.995595932006836,11.88002872467041,1.900996208190918
-0.20666760206222534,-0.164055734872818,-0.15766394138336182,1.7737194299697876,-0.082027867436409,-1.8632043600082397,-1.0621010065078735,-0.23223473131656647,-0.398421049118042,1.511656403541565,-0.5166690349578857,2.2072951793670654,0.2961525619029999,0.1693822145462036,1.001379132270813,-0.04048128426074982,0.8639557957649231
-0.25673654675483704,-0.3195890784263611,-2.157226324081421,1.1963284015655518,-0.2311694324016571,-0.48684069514274597,0.6700717806816101,-0.2950872480869293,0.00745707843452692,1.4679791927337646,-0.7222713232040405,0.27378129959106445,0.29082605242729187,0.006391781382262707,-1.7406952381134033,-0.4154658019542694,-0.5379749536514282
-0.4623388648033142,0.45168590545654297,-0.02663242258131504,0.4687306582927704,-0.521995484828949,-0.9012411832809448,-1.0429257154464722,0.6157416105270386,0.010652969591319561,1.1238882541656494,0.10439909994602203,-0.36220094561576843,0.7584913969039917,0.26845481991767883,-1.1547819375991821,-0.07563608139753342,0.5582156181335449
