correndo,4
-3.2369606494903564,0.6991068720817566,-0.8762778043746948,-5.0469770431518555,-7.086836814880371,9.47146224975586,8.59997272491455,-9.457097053527832,-6.933608055114746,15.993267059326172,19.211074829101562,3.5386300086975098,2.5282769203186035,0.4165911078453064,-1.6376339197158813,6.157886981964111,-3.4763808250427246,-1.1540051698684692,2.499546527862549,8.523358345031738,4.261679172515869
4.4532151222229,6.335057735443115,3.5913026332855225,8.188169479370117,6.167463779449463,6.205770969390869,-2.188300371170044,5.779603004455566,3.2609026432037354,5.463568210601807,8.777143478393555,8.810662269592285,-2.0638017654418945,4.347870349884033,2.964021682739258,-4.63517427444458,0.871489405632019,6.042964935302734,1.1827356815338135,4.711789131164551,1.0678139925003052
5.693411827087402,21.715410232543945,7.005434036254883,1.158793568611145,-5.841852188110352,4.888959884643555,7.766790390014648,6.497863292694092,8.62391471862793,20.389020919799805,12.684480667114258,11.233593940734863,-0.38307225704193115,8.125920295715332,9.75397777557373,-2.0590133666992188,13.876792907714844,11.568782806396484,-4.462791919708252,18.195932388305664,8.307879447937012
0.23543062806129456,1.1601083278656006,0.6690064668655396,-0.8181480169296265,0.8149521350860596,0.42079228162765503,0.4005516469478607,-0.7840585708618164,-2.678156614303589,0.13529270887374878,-1.4189754724502563,-0.9939220547676086,1.3987349271774292,-0.2599324584007263,1.1164312362670898,0.504950761795044,1.5638558864593506,0.8351927995681763,2.4310076236724854,1.396604299545288,2.9561989307403564
-1.501003384590149,1.3305559158325195,-1.3699718713760376,-1.2794215679168701,-0.35900506377220154,-0.6924430131912231,-2.0677413940429688,-1.0684927701950073,-3.648642063140869,-0.3302420377731323,0.04154657945036888,-0.9832690954208374,-0.7052266001701355,-0.504950761795044,-1.088733434677124,0.5880439281463623,-1.2314832210540771,0.4602082669734955,1.4594568014144897,1.1174964904785156,1.0088361501693726
-1.2197649478912354,1.1654348373413086,-2.9604601860046387,-0.199210524559021,-1.9399057626724243,-0.57526034116745,0.3600703775882721,-1.7673276662826538,-2.274409055709839,3.11812424659729,-2.4523136615753174,-0.2609977424144745,-1.7225852012634277,-0.7563608288764954,-0.6391781568527222,-0.6807247400283813,-0.6466352343559265,0.6466352343559265,1.99210524559021,2.247776508331299,2.416093349456787
