correndo,3
8.164227485656738,-2.1068975925445557,2.5091233253479004,2.4133553504943848,-0.5793967843055725,4.9799394607543945,-7.580042362213135,1.8770540952682495,-3.2178070545196533,5.386953830718994,-9.217676162719727,9.016563415527344,-3.663128614425659,-2.1068975925445557,1.4173674583435059,3.9025487899780273,4.850652694702148,-4.702212333679199,-1.4508862495422363
-4.410119533538818,-0.9241618514060974,0.37828385829925537,3.222595453262329,3.3279404640197754,4.879383087158203,3.5003228187561035,3.6535518169403076,1.623268723487854,7.86734676361084,-0.6512228846549988,3.2752678394317627,5.1331682205200195,4.663905143737793,2.513911724090576,-4.252102375030518,-0.31603461503982544,3.5960910320281982,3.466804027557373
4.285621166229248,4.884171485900879,1.139639973640442,11.209651947021484,9.715670585632324,14.168885231018066,6.133944988250732,24.995466232299805,5.525817394256592,8.662221908569336,28.419174194335938,23.16150665283203,7.187393665313721,9.246406555175781,19.93891143798828,5.918466567993164,1.6424223184585571,5.147533416748047,10.036493301391602
-0.1960146427154541,1.3156417608261108,-0.5081466436386108,0.42931467294692993,-0.8564987182617188,0.6263945698738098,3.341836452484131,1.6288390159606934,1.0333380699157715,-1.401930809020996,-2.5513861179351807,1.0141626596450806,-1.3657106161117554,-0.13955390453338623,0.9086982607841492,-0.28549957275390625,-0.4484900236129761,1.5691823959350586,0.4005516469478607
-0.9694201946258545,-2.331934928894043,-2.8283634185791016,0.7680791020393372,-0.9917914271354675,0.06178722158074379,3.1106669902801514,0.40587812662124634,0.15659864246845245,-2.151899814605713,-0.17151281237602234,-1.1057782173156738,-1.1515859365463257,-1.0589051246643066,-0.9363960027694702,-2.205164670944214,1.4466732740402222,0.13209682703018188,-0.46446946263313293
-0.4655347466468811,0.18323107063770294,-0.8767393827438354,1.3252294063568115,-0.2993484437465668,2.0411088466644287,0.30574020743370056,5.358443737030029,-4.498748779296875,0.3536785840988159,0.23543062806129456,-2.4192893505096436,-1.4669139385223389,-0.5709991455078125,0.7339895963668823,-1.335882306098938,0.5763256549835205,0.41759639978408813,0.022371236234903336
