correndo,3
13.85763931274414,0.7182605266571045,16.261417388916016,13.287819862365723,0.0,-5.4444146156311035,7.848193168640137,9.485827445983887,5.525817394256592,5.473145008087158,-3.1507694721221924,8.279149055480957,12.334927558898926,4.888959884643555,-2.2649147510528564,22.969970703125
-4.639962673187256,9.988609313964844,-5.990292549133301,-11.851298332214355,0.0,3.6822822093963623,4.999093055725098,-1.9393033981323242,-14.551958084106445,-2.6623523235321045,-6.301538944244385,-3.3662476539611816,1.3551181554794312,3.179499864578247,3.294421434402466,-10.304644584655762
-0.42616790533065796,-1.3024457693099976,0.9528923034667969,3.5194764137268066,0.0,6.224924564361572,-1.4460978507995605,0.7182605266571045,0.8858546018600464,-2.782062292098999,-6.215347766876221,0.4405331015586853,-2.8155810832977295,-1.9488801956176758,8.04930591583252,7.062894821166992
-2.3457839488983154,-1.0280115604400635,1.6650590896606445,-1.4274978637695312,-0.19494934380054474,-0.8969800472259521,-1.3625147342681885,-0.54969322681427,0.9406571984291077,1.9367098808288574,-0.26525893807411194,0.199210524559021,0.7552955150604248,1.6426879167556763,-0.3973557651042938,1.7161933183670044
-0.12357444316148758,0.690312385559082,-0.9268083572387695,0.006391781382262707,0.08628904819488525,3.7434535026550293,1.9569504261016846,0.08628904819488525,-0.1289009302854538,1.0791457891464233,0.5028201341629028,-0.22371235489845276,-0.44955530762672424,-0.05326484516263008,1.3625147342681885,-1.1707613468170166
1.3316211700439453,1.1153658628463745,-0.8714128732681274,-0.310001403093338,1.1803489923477173,-1.7609357833862305,-1.4711750745773315,0.4591429829597473,-2.539667844772339,-2.857126474380493,-1.104712963104248,0.22477765381336212,0.6551576256752014,0.6849859356880188,0.8106909394264221,-1.0876681804656982
