correndo,3
-13.704410552978516,3.3518824577331543,-37.16758728027344,-7.469909191131592,11.72201156616211,-20.518308639526367,-10.65898609161377,-3.160346269607544,-37.9097900390625,-56.46006393432617,-10.946290016174316,2.518700122833252,-15.116989135742188,8.346187591552734,-1.2497732639312744,-12.823344230651855,0.7661445140838623
7.891288757324219,5.535394191741943,13.843274116516113,0.47405192255973816,12.617443084716797,-2.451662540435791,22.941240310668945,-26.19256591796875,20.973207473754883,17.324443817138672,-18.612524032592773,1.8339585065841675,5.655104637145996,-24.152706146240234,18.94292449951172,-15.179238319396973,0.8236053586006165
3.2369606494903564,4.558559894561768,4.055777549743652,0.24899697303771973,7.354987621307373,4.927267074584961,8.973467826843262,-7.048529624938965,25.5700740814209,27.595569610595703,9.174580574035645,9.720458984375,15.255853652954102,-6.636727333068848,14.647726058959961,-4.60165548324585,3.711012601852417
-1.952689290046692,-0.33769911527633667,-3.4441049098968506,0.20240642130374908,-3.0030720233917236,0.7073571681976318,-5.576829433441162,5.232738494873047,0.7275978326797485,-0.5912398099899292,5.965662956237793,-1.5713130235671997,-1.6160554885864258,5.082531452178955,-4.889712810516357,-0.9150900840759277,-0.7510343194007874
-0.47299185395240784,-0.645569920539856,2.6962666511535645,2.9125218391418457,2.0538923740386963,4.208988189697266,0.8224092125892639,-2.50770902633667,-1.9814523458480835,-3.086165189743042,-1.5084604024887085,-2.124202013015747,-1.2666380405426025,-2.317020893096924,2.236058235168457,-1.0312074422836304,-2.1060919761657715
-2.6099774837493896,-0.4271840751171112,-6.983021259307861,-0.5816521048545837,-2.070937156677246,-2.4672276973724365,-3.9533169269561768,4.366652011871338,2.7431395053863525,1.9665381908416748,4.995177268981934,0.6349169611930847,1.633100152015686,2.411832332611084,-3.356750726699829,-0.9044371247291565,1.5382888317108154
