andando,2
0.8044517636299133,0.023942016065120697,1.8962076902389526,-0.028730420395731926,-0.08140286058187485,-0.8331822156906128,0.16759411990642548,0.40222588181495667,2.7724854946136475,0.4165911078453064,1.8052281141281128,0.4405331015586853
3.361459255218506,3.801992416381836,2.10210919380188,1.9584569931030273,3.6727054119110107,1.8387469053268433,4.022258758544922,4.031835556030273,1.1348515748977661,3.179499864578247,3.4524388313293457,1.7812861204147339
9.404424667358398,7.589619159698486,11.707646369934082,8.145073890686035,10.15141487121582,6.809109687805176,9.093177795410156,10.046070098876953,9.442731857299805,11.022904396057129,6.607996463775635,10.132261276245117
-0.12144385278224945,-0.21518997848033905,0.0,0.07776667922735214,0.3366338312625885,-0.0468730665743351,0.04048128426074982,-0.1960146427154541,0.22584295272827148,-0.33556854724884033,-0.3515479862689972,0.7350549101829529
-0.37391921877861023,-0.39415985345840454,0.0,0.22051647305488586,0.29082605242729187,-0.045807767659425735,0.2663242220878601,0.40481284260749817,0.4005516469478607,0.1438150852918625,0.0010652969358488917,-0.030893610790371895
0.10439909994602203,0.20347172021865845,0.0,0.7190754413604736,0.09694202244281769,0.29721784591674805,0.32917675375938416,-0.37072333693504333,0.10866028815507889,0.1693822145462036,-0.5837827324867249,0.580586850643158
