correndo,1
4.247313976287842,-2.470816135406494,-0.9385270476341248,0.24420857429504395,0.871489405632019,0.0,-0.33039984107017517,2.0829553604125977,1.1444283723831177
-0.2298433631658554,5.30076265335083,1.1013327836990356,3.6583402156829834,5.382165431976318,0.0,2.38462495803833,3.514688014984131,0.7948749661445618
21.648372650146484,3.950432777404785,14.010868072509766,9.026140213012695,11.91354751586914,0.0,7.493851184844971,9.131484985351562,11.05642318725586
1.0802110433578491,0.6285251975059509,-0.4282493591308594,-0.5837827324867249,-0.2833689749240875,-1.0088361501693726,-0.43144527077674866,-0.20879819989204407,-0.2375612109899521
0.5731297731399536,-0.16618631780147552,0.6349169611930847,-0.5464973449707031,-0.37391921877861023,-0.6615493893623352,-0.385637491941452,-0.2077329009771347,-1.349731206893921
-0.5678032636642456,0.10013791173696518,-0.9300042390823364,-0.06711370497941971,-0.5390402674674988,-0.925743043422699,0.13955390453338623,-0.2311694324016571,0.22584295272827148
