correndo,3
2.691082715988159,3.8163576126098633,16.089035034179688,23.02264404296875,1.4077905416488647,11.367670059204102,3.8115692138671875,11.065999984741211,1.8387469053268433,12.583924293518066,0.0,3.509899616241455,4.414907932281494,10.884040832519531,21.226991653442383,17.66442108154297,13.42668342590332
-1.173158884048462,1.4748282432556152,-0.5793967843055725,-7.824251174926758,-1.944091796875,-2.5761611461639404,-3.514688014984131,-9.193734169006348,3.9839515686035156,-9.390059471130371,0.0,0.790086567401886,5.65031623840332,-6.641515731811523,-0.9289502501487732,-5.415684223175049,-1.8770540952682495
-0.871489405632019,3.706224203109741,2.4660277366638184,2.408566951751709,4.338293552398682,6.229712963104248,-3.5865142345428467,-2.274491548538208,2.782062292098999,0.6512228846549988,0.0,4.132391929626465,-0.7565677165985107,1.1109095811843872,9.490615844726562,2.5761611461639404,2.1930887699127197
1.1547819375991821,0.7403813600540161,0.7531649470329285,1.1696960926055908,-0.9385265707969666,-2.024064064025879,1.7609357833862305,0.5209302306175232,1.3486659526824951,-1.344404697418213,-1.2421362400054932,-0.9715508222579956,-0.9438530802726746,1.511656403541565,0.4751224219799042,0.779797375202179,-0.6040233373641968
-0.1725780963897705,-2.5471248626708984,-0.2716507315635681,-0.9864649772644043,0.39629045128822327,-3.1085364818573,0.09800732135772705,0.45168590545654297,3.568744659423828,-0.2716507315635681,1.0450563430786133,3.2374374866485596,0.5944356918334961,0.20347172021865845,-0.5305178761482239,0.7851238250732422,-1.104712963104248
-0.8596946001052856,0.42611876130104065,0.7691444158554077,0.6849859356880188,-0.10972558706998825,2.5908021926879883,-0.3398297131061554,-0.20027582347393036,0.6967042088508606,-0.678594172000885,0.7979074120521545,-2.798535108566284,-0.1438150852918625,-0.6210681200027466,-1.6245778799057007,-0.30041372776031494,2.560973882675171
