andando_passos_longos,2
-2.47560453414917,0.038307227194309235,-0.9672574996948242,-0.5410895943641663,-0.9911994934082031,-0.7661445140838623,-0.4405331015586853,0.31124621629714966,1.139639973640442,0.8858546018600464,-0.751779317855835,0.5363011956214905
5.233725070953369,2.6623523235321045,5.214571475982666,1.9776105880737305,1.1348515748977661,2.298433542251587,4.041412353515625,3.2130186557769775,-1.920149803161621,1.6519991159439087,3.265691041946411,3.825934410095215
9.11233139038086,9.84495735168457,8.868123054504395,9.461885452270508,8.020575523376465,9.758766174316406,7.3693528175354,10.65898609161377,12.823344230651855,7.843404769897461,9.198522567749023,8.954314231872559
0.41759639978408813,0.1693822145462036,0.3898986876010895,0.23543062806129456,0.11931325495243073,0.0,-0.2311694324016571,-0.31532788276672363,1.1707613468170166,-0.1054643988609314,0.0,0.06285251677036285
0.07457078248262405,-0.06817900389432907,0.9811384677886963,-0.15340276062488556,0.31213200092315674,0.0,-0.17683929204940796,-0.10652969032526016,-0.14807628095149994,0.41759639978408813,0.16299043595790863,0.2460835874080658
0.1406191885471344,-0.2428877055644989,0.5230607986450195,0.6146763563156128,0.5337137579917908,0.0,-0.28869548439979553,-0.3036096394062042,0.2631283402442932,-0.31106671690940857,-0.30041372776031494,-0.46766534447669983
