andando_passos_longos,3
8.513781547546387,8.638279914855957,6.392518520355225,6.449979305267334,0.8236053586006165,8.901641845703125,5.765237808227539,7.010222434997559,-0.06224924325942993,11.152191162109375,2.695871114730835,15.816096305847168,8.006210327148438,7.4555439949035645,3.9169139862060547,10.539276123046875,7.249642848968506,12.54561710357666,7.4316020011901855
-5.152322292327881,-4.32871675491333,-7.982268333435059,-6.229712963104248,1.9249382019042969,-6.646304130554199,-3.5003228187561035,-6.349422931671143,2.892195701599121,-7.637503623962402,-6.861782073974609,-8.255207061767578,-8.24084186553955,-7.058106422424316,-7.383718013763428,-6.746860504150391,-6.244078159332275,-8.939949035644531,-7.718906402587891
0.2968810200691223,0.08140286058187485,1.2880805730819702,0.12449848651885986,3.6104562282562256,0.45010992884635925,8.394071578979492,1.4221558570861816,3.667917013168335,7.249642848968506,2.03507137298584,7.814674377441406,1.2497732639312744,2.959233283996582,1.7573440074920654,-0.043095629662275314,0.31603461503982544,1.8962076902389526,1.0534487962722778
-0.29721784591674805,-0.9491795897483826,0.3973557651042938,0.2311694324016571,-0.3803110122680664,-0.6423740386962891,1.5233746767044067,0.07563608139753342,0.597631573677063,2.650458812713623,-0.32917675375938416,0.07350549101829529,0.37391921877861023,-1.3784942626953125,0.8415845632553101,-0.2375612109899521,0.0031958906911313534,0.26738953590393066,0.7915156483650208
0.2663242220878601,1.035468578338623,-0.29721784591674805,0.9811384677886963,0.8373233675956726,-0.5134730935096741,3.107471227645874,0.1257050335407257,-3.7945876121520996,2.7655107975006104,0.5507585406303406,1.2751604318618774,-1.0770151615142822,0.1257050335407257,-0.8969800472259521,1.7758499383926392,0.310001403093338,0.20134112238883972,-0.24821418523788452
0.4974936544895172,-1.1121699810028076,-0.9672896265983582,0.6349169611930847,0.37924569845199585,0.4570123851299286,0.054330144077539444,0.5795215368270874,1.7161933183670044,-3.033965587615967,0.2226470559835434,1.0109667778015137,0.012783562764525414,3.564483642578125,0.8000379800796509,-2.9551336765289307,-0.24501828849315643,1.4669139385223389,-1.197393774986267
