andando_passos_longos,3
0.45489832758903503,0.20111294090747833,-0.24899697303771973,-0.3926490843296051,0.9576807022094727,-1.4939818382263184,0.569819986820221,-1.0295066833496094,0.5363011956214905,0.0,-1.0582371950149536,-4.759673118591309,-2.4468741416931152,-0.8954314589500427,1.0534487962722778,0.9481038451194763
0.5123591423034668,0.7661445140838623,0.33039984107017517,2.31758713722229,2.1164743900299072,4.6734819412231445,3.44765043258667,0.8810662031173706,4.113238334655762,0.0,1.5945383310317993,1.2641384601593018,5.612008571624756,4.395754337310791,3.1268274784088135,1.9345149993896484
12.018892288208008,9.99339771270752,11.085153579711914,6.799532890319824,10.745177268981934,7.647080421447754,9.208099365234375,12.133813858032227,11.080365180969238,0.0,9.77791976928711,9.959878921508789,5.731719017028809,12.1194486618042,6.698976516723633,10.769119262695312
0.2865648865699768,0.08841964602470398,0.20560230314731598,0.620002806186676,-0.3771151006221771,0.5156037211418152,0.2631283402442932,0.5816521048545837,-0.2950872480869293,0.5369096398353577,0.398421049118042,-0.3813762962818146,-0.37285393476486206,-0.7936462163925171,0.4218575954437256,0.287630170583725
-0.4005516469478607,-0.4250534772872925,-0.521995484828949,0.3163931965827942,-0.9619631171226501,-0.08096256852149963,-0.06498311460018158,-0.3302420377731323,0.045807767659425735,-1.401930809020996,0.474057137966156,0.20560230314731598,1.3987349271774292,0.0468730665743351,0.13529270887374878,-0.3249155580997467
0.6359822750091553,-0.43464115262031555,0.0937461331486702,-0.3803110122680664,-0.2609977424144745,-0.3717886209487915,-0.030893610790371895,0.06604841351509094,-0.0021305938716977835,0.12250914424657822,1.2176344394683838,0.5646073818206787,1.0770151615142822,-0.05539543926715851,0.4282493591308594,-0.310001403093338
