correndo,3
0.5650315880775452,-3.3279404640197754,-1.0678139925003052,-0.9911994934082031,-2.3080103397369385,3.5386300086975098,-0.09576806426048279,1.072602391242981,0.8523358106613159,-2.585737943649292,-1.7286136150360107,2.3750481605529785,1.3024457693099976,-0.5315127968788147,1.115697979927063,-2.011129379272461
1.2545616626739502,4.654327869415283,4.8267107009887695,3.045424461364746,7.967903137207031,4.611232280731201,7.230489253997803,4.266467571258545,4.285621166229248,3.845088005065918,3.1076738834381104,3.8498764038085938,3.4572272300720215,6.430825710296631,0.9050082564353943,2.557007312774658
6.732495307922363,11.611878395080566,12.076353073120117,7.800309181213379,6.900089263916016,18.21987533569336,13.795390129089355,7.752425193786621,9.624691009521484,7.6566572189331055,21.863849639892578,6.090848922729492,5.837063789367676,2.255337953567505,3.5386300086975098,6.0190229415893555
-0.9608978629112244,0.19388404488563538,1.0077708959579468,-0.20240642130374908,1.0897988080978394,-0.501754879951477,-0.5241261124610901,-0.4921671748161316,-0.45807766914367676,0.4921671748161316,-0.521995484828949,0.5038854479789734,0.9236124157905579,-0.17151281237602234,1.0961905717849731,-0.27378129959106445
0.4602082669734955,0.8053644895553589,0.2833689749240875,-0.9108288884162903,0.9470489621162415,-1.0226850509643555,0.06498311460018158,-0.26525893807411194,-0.06285251677036285,0.011718266643583775,-0.8128215670585632,0.07244019210338593,0.3462215065956116,-0.5326484441757202,0.9321348071098328,-0.6327863931655884
0.03835069015622139,2.108222723007202,1.5532029867172241,0.1842963695526123,-0.22903883457183838,-0.322784960269928,-0.5923051238059998,-0.24182240664958954,-0.192818745970726,0.4974936544895172,0.48790600895881653,0.23649592697620392,-0.2460835874080658,-0.2982831299304962,-0.5912398099899292,0.18110047280788422
