andando,0
-1.354522705078125,-1.019927978515625,-2.6755218505859375,1.77410888671875
5.5108642578125,4.137786865234375,4.121612548828125,4.716583251953125
7.765594482421875,8.519775390625,7.5004425048828125,8.902847290039062
0.515594482421875,-0.10491943359375,-0.929443359375,0.5395660400390625
-0.1404571533203125,-0.2144927978515625,0.34796142578125,0.090179443359375
0.1023712158203125,0.1423187255859375,-0.4132232666015625,-0.2747344970703125
