correndo,4
0.4357447028160095,-2.38462495803833,-4.458003520965576,-1.335964560508728,0.45010992884635925,-1.4939818382263184,5.056553840637207,-0.3878606855869293,4.98472785949707,3.840299606323242,0.9193734526634216,1.8914192914962769,-3.0550012588500977,-0.24899697303771973,0.4118026793003082,-2.6192567348480225,3.8594532012939453,-1.0007762908935547,0.009576806798577309,0.26815059781074524,0.3064578175544739,7.062894821166992
5.109226226806641,1.6663644313812256,4.577713489532471,5.166687488555908,3.648763418197632,3.3949780464172363,-1.7286136150360107,0.6751648783683777,1.824381709098816,-0.8762778043746948,2.121262788772583,2.7006595134735107,5.918466567993164,3.754108190536499,3.88818359375,7.824251174926758,3.308786630630493,3.308786630630493,1.8579005002975464,1.4221558570861816,2.604891538619995,0.6560112833976746
10.44350814819336,7.838616371154785,10.644620895385742,3.404554843902588,4.185064792633057,8.882488250732422,7.206547260284424,12.703634262084961,8.034940719604492,4.261679172515869,10.347740173339844,14.954183578491211,8.992621421813965,16.5247802734375,23.965959548950195,12.00452709197998,18.210298538208008,9.648633003234863,8.820239067077637,10.500968933105469,7.99184513092041,5.5976433753967285
-0.013848859816789627,-0.7734055519104004,0.6743329763412476,-0.2578018605709076,-0.5433014631271362,-0.07883197069168091,-2.6387405395507812,-0.24075710773468018,0.33556854724884033,-0.2194511741399765,0.3547438681125641,0.4484900236129761,1.4317591190338135,0.5028201341629028,1.5265705585479736,0.252475380897522,-0.20134112238883972,-0.23223473131656647,0.0,0.4591429829597473,0.18110047280788422,-0.8000379800796509
0.9086982607841492,0.4303799569606781,1.046121597290039,0.8959147334098816,-2.533276081085205,-0.1491415649652481,-2.1487038135528564,-1.6852997541427612,-0.19175344705581665,0.05646073818206787,-2.2445807456970215,-1.1100393533706665,1.3721024990081787,-0.8863270282745361,0.10120321065187454,-0.3036096394062042,-0.6381128430366516,-0.1757739931344986,0.0,-1.73430335521698,-0.9758120179176331,-0.26525893807411194
0.5912398099899292,-0.6093498468399048,-0.844780445098877,-0.8980453014373779,-1.9292527437210083,-0.2961525619029999,0.2396918088197708,-0.6817900538444519,-0.1054643988609314,1.590488314628601,0.13103152811527252,-0.06924430280923843,-0.36113566160202026,-0.13209682703018188,1.9739952087402344,-0.1289009302854538,-0.8788699507713318,-0.3536785840988159,0.0,-0.6551576256752014,-0.5464973449707031,-0.042611878365278244
