andando,3
0.11971008777618408,-1.5753847360610962,0.047884032130241394,-0.043095629662275314,-3.2992098331451416,-1.292868971824646,-1.522712230682373,0.004788403399288654,-1.0773907899856567,-1.1683704853057861,0.5123591423034668,-2.183511972427368,-2.2457611560821533,-1.8914192914962769,-1.1109095811843872,-1.4460978507995605
0.8858546018600464,2.5713725090026855,2.4229321479797363,1.944091796875,2.3032219409942627,1.7334020137786865,3.313575267791748,2.7246015071868896,-0.6655880808830261,1.7286136150360107,2.542642116546631,2.9161376953125,1.8387469053268433,1.8100165128707886,2.4420857429504395,1.8148049116134644
8.169015884399414,9.682151794433594,11.137825965881348,7.771578788757324,9.581595420837402,9.097966194152832,9.533711433410645,8.662221908569336,10.96544361114502,10.491392135620117,8.724471092224121,8.978256225585938,7.86734676361084,9.102754592895508,8.092401504516602,11.568782806396484
-0.7691444158554077,-0.03728539124131203,-0.049003660678863525,0.2918913662433624,-0.7425119876861572,0.3483521044254303,0.4282493591308594,0.4719265401363373,0.36752745509147644,0.287630170583725,-0.164055734872818,-0.6466352343559265,-0.28869548439979553,0.6466352343559265,-0.010652969591319561,-0.23330003023147583
0.06604841351509094,0.2631283402442932,-0.5454320311546326,-0.20347172021865845,0.6753982305526733,-0.06498311460018158,-0.11185617744922638,-0.4506205916404724,0.3547438681125641,-0.21305938065052032,0.04154657945036888,-0.7819279432296753,-0.5571503043174744,0.2950872480869293,-0.09694202244281769,0.12996622920036316
-0.4101393222808838,-0.09055023640394211,-0.49003657698631287,-0.34941738843917847,0.24501828849315643,0.017044750973582268,-0.1672516167163849,-0.39415985345840454,-0.11292147636413574,-0.09481142461299896,-0.8160174489021301,-0.7925809025764465,0.15553335845470428,0.3014790415763855,0.36220094561576843,0.05646073818206787
