correndo,3
18.909404754638672,12.919112205505371,20.867862701416016,44.05809783935547,41.97514343261719,29.161376953125,24.578874588012695,-25.268404006958008,29.367277145385742,1.1444283723831177,1.1061211824417114,-2.0638017654418945,16.630125045776367,0.0,14.48970890045166,7.024587631225586,4.917690277099609
-10.649409294128418,-19.900604248046875,-6.89530086517334,-35.57783889770508,-30.415939331054688,11.856086730957031,17.276559829711914,-29.76950454711914,-31.067161560058594,5.1331682205200195,8.221688270568848,6.3302693367004395,-5.813121795654297,0.0,-30.444669723510742,-5.736507415771484,1.37906014919281
2.935291290283203,2.3319525718688965,20.183120727539062,-7.479485988616943,-12.88559341430664,28.036102294921875,-2.5713725090026855,-9.193734169006348,-3.5482068061828613,8.17380428314209,1.7717092037200928,14.844050407409668,7.182605266571045,0.0,-6.210559368133545,-4.649539470672607,-0.45489832758903503
-2.3447184562683105,3.1106669902801514,-1.535092830657959,4.92060661315918,-3.4462356567382812,-2.37880802154541,-5.11981725692749,4.83538293838501,4.498748779296875,-0.5912398099899292,-3.1000139713287354,0.6498311161994934,0.3653968572616577,0.14274978637695312,0.4719265401363373,3.3919055461883545,-0.385637491941452
-0.08415845781564713,1.349731206893921,-0.5124078392982483,1.301792860031128,-2.1817281246185303,1.79502534866333,-0.028763016685843468,1.4615874290466309,1.7406952381134033,0.4974936544895172,4.234555244445801,1.7747846841812134,-5.524630069732666,-0.5060160160064697,-0.034089501947164536,2.8709752559661865,-1.9910399913787842
4.585038185119629,-7.6893134117126465,0.6753982305526733,-6.225595474243164,7.193950176239014,3.8798115253448486,6.45782995223999,-7.35054874420166,-7.842716217041016,0.9672896265983582,0.2812383770942688,-0.21518997848033905,1.896228551864624,0.0351547971367836,2.1369855403900146,-6.249032020568848,0.5560849905014038
