andando,3
-0.2346317619085312,-3.2800562381744385,0.8762778043746948,-2.073378562927246,-0.8092401623725891,-2.5474305152893066,-0.45010992884635925,-1.7334020137786865,-1.403002142906189,-0.5267243981361389,-0.1628057211637497,-1.8914192914962769,-0.9433154463768005,-1.699883222579956,-0.9050082564353943,-1.9297266006469727,-1.1444283723831177,-0.07182604819536209
4.371812343597412,0.9768342971801758,2.212242364883423,4.132391929626465,1.2018892765045166,1.1109095811843872,3.7253777980804443,2.5043349266052246,0.47405192255973816,3.141192674636841,1.5897499322891235,1.556231141090393,2.7102363109588623,3.246537446975708,5.506663799285889,1.0630255937576294,2.561795711517334,4.620809078216553
8.595184326171875,11.530475616455078,8.729259490966797,10.304644584655762,9.514557838439941,9.974244117736816,8.101978302001953,11.343728065490723,7.407660007476807,8.992621421813965,8.848969459533691,8.89685344696045,7.350199222564697,8.427590370178223,9.117119789123535,11.075576782226562,9.193734169006348,9.8784761428833
0.2929566502571106,0.7414466738700867,-0.26206305623054504,-0.17044751346111298,0.36113566160202026,0.3068055212497711,-0.29082605242729187,0.3014790415763855,0.008522375486791134,-0.7318589687347412,0.3781804144382477,-0.02982831373810768,0.045807767659425735,-0.02663242258131504,0.2460835874080658,0.26525893807411194,-1.4157795906066895,0.0053264847956597805
0.26525893807411194,-1.1547819375991821,0.13529270887374878,-0.20453700423240662,0.05539543926715851,0.08841964602470398,-0.18855755031108856,-0.08735434710979462,0.8160174489021301,0.2950872480869293,0.6583535075187683,-0.045807767659425735,0.09055023640394211,-0.22051647305488586,0.07670138031244278,0.3717886209487915,-1.1356065273284912,0.7329242825508118
0.1672516167163849,0.7329242825508118,-0.4239881932735443,-0.3366338312625885,-0.3313073515892029,0.33237263560295105,-0.042611878365278244,0.15872924029827118,-0.31213200092315674,-0.21199409663677216,0.8160174489021301,0.4101393222808838,0.3014790415763855,-0.03302420675754547,-0.42931467294692993,0.9832690954208374,-0.3131972849369049,0.08522375673055649
