correndo,3
30.957027435302734,16.510414123535156,19.656396865844727,-17.30529022216797,38.8818359375,0.19153612852096558,0.5363011956214905,13.402741432189941,-1.7334020137786865,21.250934600830078,10.496180534362793,-1.0007762908935547,-16.807296752929688,12.516886711120605,42.674251556396484,36.6839599609375,31.29221534729004
-18.215085983276367,8.585607528686523,-10.491392135620117,-22.577322006225586,-22.309171676635742,4.908113479614258,5.1331682205200195,-14.566323280334473,2.427720546722412,19.27332305908203,-13.259089469909668,5.128379821777344,-19.828779220581055,5.588066577911377,-24.626758575439453,-17.597381591796875,-28.443117141723633
6.871358871459961,-0.8092401623725891,4.256890773773193,-0.4165911078453064,4.352658748626709,8.370129585266113,-1.9823989868164062,-0.40701428055763245,-0.9720458984375,-0.7948749661445618,-2.3798365592956543,10.256759643554688,-6.473921298980713,2.8347349166870117,8.465897560119629,6.871358871459961,2.8826189041137695
1.7161933183670044,2.7015929222106934,-0.3867027759552002,-1.7236504554748535,-1.453065037727356,0.0,-1.9793217182159424,-2.237123489379883,0.8064298033714294,0.9513101577758789,-0.5081466436386108,1.8056782484054565,-2.214752435684204,2.342587947845459,7.854434490203857,0.4452941119670868,-3.8371994495391846
0.667941153049469,-1.3678412437438965,0.27058541774749756,-0.06391781568527222,-1.8653349876403809,0.0,0.8277357220649719,1.6107289791107178,-4.725656986236572,3.7306699752807617,4.0289530754089355,-1.6054024696350098,-2.1966423988342285,-0.345156192779541,-0.4037475287914276,4.452941417694092,1.3252294063568115
-5.02500581741333,-5.794149875640869,1.983582854270935,7.681856155395508,4.901431083679199,0.0,-0.8170827627182007,6.076453685760498,3.852113723754883,-4.155723571777344,-0.6690064668655396,0.06817900389432907,6.826422691345215,-0.8628905415534973,-5.911332607269287,-8.957016944885254,5.329680442810059
