andando_passos_longos,2
-0.6943184733390808,1.039083480834961,3.2848446369171143,-1.2976573705673218,-0.9289502501487732,0.7326257228851318,-1.9297266006469727,-1.4460978507995605,-0.29209262132644653,-1.1109095811843872,-3.60566782951355,-1.2832920551300049,-0.3495534360408783,-0.6129156351089478,-1.3455413579940796
3.3470940589904785,9.490615844726562,5.339069843292236,7.996633529663086,10.44350814819336,7.527369976043701,8.848969459533691,5.094861030578613,3.1747114658355713,9.074024200439453,8.719682693481445,7.599195957183838,8.379706382751465,8.465897560119629,7.134721279144287
6.253654956817627,13.73314094543457,10.299856185913086,4.927267074584961,6.349422931671143,7.934384346008301,9.782708168029785,2.561795711517334,5.166687488555908,5.2049946784973145,11.41555404663086,5.0469770431518555,4.165910720825195,4.501099109649658,6.430825710296631
-1.0301421880722046,-0.948114275932312,-0.6008274555206299,0.06817900389432907,0.5614114999771118,-0.2077329009771347,-0.9662243127822876,0.5848480463027954,-0.13955390453338623,0.25886714458465576,-0.7936462163925171,-0.12357444316148758,1.009901523590088,0.4570123851299286,0.06498311460018158
0.08628904819488525,0.6338516473770142,-0.17044751346111298,0.4719265401363373,-0.7329242825508118,-0.6519617438316345,0.3547438681125641,-0.011718266643583775,0.7137489318847656,1.0706233978271484,-0.013848859816789627,-0.5390402674674988,0.5592808723449707,-0.32385027408599854,-0.17896988987922668
-0.45168590545654297,0.3334379494190216,-0.3387644290924072,0.05539543926715851,0.1054643988609314,-0.3462215065956116,0.2631283402442932,-0.18536166846752167,0.27058541774749756,0.1171826645731926,0.06924430280923843,-0.24075710773468018,0.27697721123695374,-0.14488038420677185,-0.2428877055644989
