correndo,4
7.177816867828369,1.0821791887283325,6.636727333068848,2.0015525817871094,-2.188300371170044,-2.8107926845550537,3.97916316986084,-1.9105730056762695,-0.9481038451194763,-0.38307225704193115,-1.9297266006469727,1.8100165128707886,0.05267243832349777,-0.727837324142456,-3.117250680923462,5.980715751647949,-3.155557870864868,0.06703764945268631,-1.5610195398330688,-5.679046630859375,-0.4692635238170624
7.747636795043945,6.009446144104004,-3.620033025741577,3.251325845718384,2.2888567447662354,2.3032219409942627,3.2561142444610596,2.4420857429504395,3.064578056335449,2.628833532333374,2.782062292098999,5.975927352905273,2.4803929328918457,1.2976573705673218,2.7916390895843506,-3.5913026332855225,4.098873138427734,7.943961143493652,2.427720546722412,0.8475474119186401,3.993528366088867
27.41360855102539,16.361974716186523,2.231395959854126,13.187262535095215,9.691728591918945,11.899182319641113,0.8092401623725891,9.35654067993164,8.628703117370605,17.243040084838867,2.22660756111145,19.694704055786133,7.359776020050049,10.553641319274902,8.456320762634277,0.3926490843296051,8.001421928405762,11.48259162902832,9.5624418258667,6.799532890319824,10.065223693847656
0.03622009605169296,1.243201494216919,-1.0642316341400146,-0.3387644290924072,-0.1725780963897705,-0.5262566804885864,1.6810386180877686,-0.021305939182639122,0.09587672352790833,-0.7808626294136047,-0.11611736565828323,1.3145763874053955,0.0,-0.47618773579597473,-0.4442288279533386,-2.750596761703491,1.1196271181106567,2.7218337059020996,-0.06285251677036285,0.4825794994831085,-0.4506205916404724
-0.9406571984291077,0.37924569845199585,-0.54969322681427,0.4325105547904968,-0.05326484516263008,-0.17151281237602234,-1.335882306098938,-0.17470869421958923,-0.09800732135772705,-1.677842617034912,2.948741912841797,-0.6349169611930847,0.0,-0.3920292854309082,0.7957767844200134,-0.07244019210338593,1.8642696142196655,0.38776808977127075,-0.1406191885471344,1.8632043600082397,-0.3781804144382477
-0.3835068941116333,0.8831311464309692,-0.7180101275444031,-1.2549197673797607,-0.0031958906911313534,0.25886714458465576,1.3273600339889526,-0.15766394138336182,-0.18855755031108856,-3.6038994789123535,0.9875302314758301,1.901555061340332,0.0,0.2865648865699768,2.0624148845672607,-4.1567888259887695,1.343339443206787,-0.49642837047576904,-0.15127216279506683,0.7915156483650208,0.1459456831216812
