correndo,3
-1.6089035272598267,3.936067581176758,1.9057846069335938,1.6424223184585571,4.132391929626465,0.009576806798577309,-0.9241618514060974,1.3551181554794312,2.6240451335906982,-4.156333923339844,-0.49799394607543945,-2.9257144927978516,6.296750545501709,-1.048660397529602,0.7661445140838623,-1.1540051698684692,4.113238334655762,-6.3302693367004395,-2.5953147411346436
3.1028854846954346,8.528146743774414,-0.8523358106613159,3.3231520652770996,0.569819986820221,8.643068313598633,2.9448680877685547,2.5522189140319824,-1.0199298858642578,0.790086567401886,2.983175277709961,3.7014358043670654,3.840299606323242,0.3687070608139038,-1.8722656965255737,2.164358377456665,-2.652775526046753,-0.1388636976480484,0.5746083855628967
10.050858497619629,16.22311019897461,1.9153614044189453,11.731588363647461,-0.6943184733390808,3.064578056335449,12.919112205505371,10.055646896362305,-0.17238251864910126,14.010868072509766,7.053318023681641,8.80587387084961,14.585476875305176,14.211980819702148,16.99883270263672,12.148179054260254,0.14365209639072418,10.888829231262207,6.119579315185547
-0.8426498770713806,0.05646073818206787,0.8053644895553589,-0.32065439224243164,-0.5315831899642944,0.4602082669734955,0.13209682703018188,-1.6235125064849854,1.9281874895095825,0.2982831299304962,0.7552955150604248,-0.004261187743395567,1.0365339517593384,-1.8248536586761475,-0.3462215065956116,0.2609977424144745,-0.45807766914367676,0.27910780906677246,-1.8227230310440063
-0.4016169309616089,-1.2602462768554688,-0.5901744961738586,0.8298662900924683,0.625329315662384,-0.0703095942735672,-0.004261187743395567,-1.4743709564208984,4.278232574462891,-1.3156417608261108,0.6764635443687439,1.5244399309158325,1.3880819082260132,-1.8823796510696411,0.2194511741399765,1.4040613174438477,-1.113235354423523,0.4069434404373169,-0.5230607986450195
0.18216577172279358,-1.5244399309158325,1.7374993562698364,0.9214818477630615,-0.46660006046295166,-1.4754362106323242,-0.6242640018463135,0.6551576256752014,0.5699338316917419,-1.141998291015625,0.287630170583725,0.7244018912315369,1.9569504261016846,-0.6690064668655396,-0.022371236234903336,1.155847191810608,-0.12037855386734009,1.7374993562698364,0.3664621412754059
