andando,1
1.7812861204147339,0.6320692300796509,-0.689530074596405,0.20111294090747833,-0.40701428055763245,0.40701428055763245,-0.5985504388809204,1.3934253454208374,1.3503297567367554,1.158793568611145
2.499546527862549,2.786850690841675,1.158793568611145,1.8579005002975464,2.6862943172454834,1.3886369466781616,1.8052281141281128,3.9025487899780273,2.628833532333374,3.1459810733795166
11.24795913696289,8.394071578979492,10.390835762023926,9.864110946655273,8.887276649475098,10.409989356994629,9.514557838439941,11.477803230285645,9.495404243469238,9.768342971801758
0.4069434404373169,-1.1569124460220337,0.2844342887401581,0.49323248863220215,-0.7542302012443542,0.948114275932312,0.20666760206222534,0.5869786143302917,-0.4623388648033142,0.27910780906677246
-0.24927948415279388,0.35261330008506775,0.11079087853431702,0.1438150852918625,-0.4953630864620209,0.4974936544895172,-0.32704615592956543,-0.33769911527633667,-0.5699338316917419,-0.1139867752790451
-0.07137489318847656,-0.39415985345840454,0.4655347466468811,0.09481142461299896,-0.12677033245563507,0.24927948415279388,0.017044750973582268,-0.6285251975059509,-0.5560849905014038,0.28017309308052063
